p.adj,p.val,log2FC,significant,Protein Ids,Majority Protein Ids,gene names,Peptides
0.024364342,3.00E-04,1.466167901,more abundant,A0A3Q1M155;Q3SYZ5;F1MBQ8,A0A3Q1M155;Q3SYZ5;F1MBQ8,DDX5,27
0.024364342,2.95E-04,3.449166504,more abundant,E1BKT9;A0A3Q1MR22,E1BKT9;A0A3Q1MR22,DSP,54
0.01642062,1.47E-04,0.679247016,more abundant,E1BQ37;A0A3Q1LXA1,E1BQ37;A0A3Q1LXA1,SFPQ,30
0.039457462,5.72E-04,1.389840139,more abundant,F1MQU4;A0A3Q1MP92;A0A3Q1LRT1;A0A3Q1LVH1;A5D7B8,F1MQU4;A0A3Q1MP92;A0A3Q1LRT1;A0A3Q1LVH1;A5D7B8,BCLAF1,13
1.80E-08,2.02E-11,1.818596871,more abundant,P01096,P01096,ATP5IF1,13
0.001510238,8.47E-06,1.288504383,more abundant,P48427,P48427,TBCA,8
0.002973304,2.00E-05,4.23367232,more abundant,Q03763;F1MIW8,Q03763;F1MIW8,DSG1,4
0.00388284,3.05E-05,0.959169501,more abundant,Q5KR49;A0A3Q1LPQ6,Q5KR49;A0A3Q1LPQ6,TPM1,30
0.89922344,0.447595524,0.654673529,n.s.,A0A140T832;A5PK63,A0A140T832;A5PK63,RPS17,4
0.99120405,0.706732933,0.370633759,n.s.,A0A140T842;Q59HJ6;A0A3Q1LU64,A0A140T842;Q59HJ6;A0A3Q1LU64,LONP1,12
0.509751405,0.121723149,0.459973296,n.s.,A0A140T854;A0A3Q1MEC8;O18879;E1BGC0;E1BKD8,A0A140T854;A0A3Q1MEC8,GSTA1,25
0.989702733,0.686496757,-0.110458128,n.s.,A0A140T856;Q27954;A0A3Q1MCV5,A0A140T856;Q27954;A0A3Q1MCV5,COPA,21
1,1,0.033450576,n.s.,A0A140T892;P51176;A0A3Q1MI90,A0A140T892;P51176;A0A3Q1MI90,TGM2,16
1,0.825386373,-0.069909077,n.s.,A0A140T8A5;Q9XSG3;Q0QEQ4,A0A140T8A5;Q9XSG3;Q0QEQ4,IDH1,17
0.943512628,0.529374706,-0.443068979,n.s.,A0A3Q1LFQ2,A0A3Q1LFQ2,-,14
0.419176767,0.058717481,0.942844072,n.s.,A0A3Q1LG34;A6QLZ8;A0A3Q1MMX8;A6QP50,A0A3Q1LG34;A6QLZ8;A0A3Q1MMX8,CORO6,11
0.162809365,0.00778641,0.459461193,n.s.,A0A3Q1LHT7;F1MDC1,A0A3Q1LHT7;F1MDC1,RRBP1,55
0.989702733,0.696393036,-0.338943142,n.s.,A0A3Q1LI18;A6QLT5;A1L505,A0A3Q1LI18;A6QLT5;A1L505,UBAP2L,5
1,0.967032701,-0.100061732,n.s.,A0A3Q1LJ64;A0A3Q1NES2;Q0VCX4,A0A3Q1LJ64;A0A3Q1NES2;Q0VCX4,CTNNB1,10
0.664091223,0.214371342,0.202056212,n.s.,A0A3Q1LJE7;E1BA27,A0A3Q1LJE7;E1BA27,GLMN,3
0.777168669,0.328467027,0.361949681,n.s.,A0A3Q1LJU0;P62871;A7E3V7,A0A3Q1LJU0;P62871;A7E3V7,GNB1,10
0.687241988,0.228517715,0.638281384,n.s.,A0A3Q1LJX0;A0A3Q1N1V2;F1MJ59;Q2T9R6,A0A3Q1LJX0;A0A3Q1N1V2;F1MJ59;Q2T9R6,NIT2,2
0.249295341,0.021519889,0.318888357,n.s.,A0A3Q1LK04;P23356;A0A3Q1LL01;A0A3Q1LTS2;A0A3Q1M8I6;J7JXJ4,A0A3Q1LK04;P23356;A0A3Q1LL01;A0A3Q1LTS2;A0A3Q1M8I6;J7JXJ4,UCHL1,27
0.967823646,0.629673703,0.516502988,n.s.,A0A3Q1LKV8;Q0II43;F1MLV3;A0A3Q1ME81,A0A3Q1LKV8;Q0II43;F1MLV3;A0A3Q1ME81,TXNL1,6
0.265869699,0.023579764,1.699047272,n.s.,A0A3Q1LMC1;A3KMY8;A0A3Q1MDD4;A0A3Q1NB19;A0A3Q1NKM6,A0A3Q1LMC1;A3KMY8;A0A3Q1MDD4,GUSB,11
0.929629536,0.502477064,-0.220459451,n.s.,A0A3Q1LMV5;P28801;A0A452DHY4,A0A3Q1LMV5;P28801,GSTP1,8
0.853400195,0.400543263,0.449950568,n.s.,A0A3Q1LMX0;P07514;F1N7T1;A0A3Q1N6T1;A0A3Q1LZ18,A0A3Q1LMX0;P07514;F1N7T1;A0A3Q1N6T1;A0A3Q1LZ18,CYB5R3,6
1,1,0.027940267,n.s.,A0A3Q1LND7;Q29RK4;A0A3Q1M2P9;A3KMV2,A0A3Q1LND7;Q29RK4,RAD23B,5
0.854479245,0.402333277,0.407806909,n.s.,A0A3Q1LQ76;P48818,A0A3Q1LQ76;P48818,ACADVL,13
0.994134331,0.72324834,-0.15583789,n.s.,A0A3Q1LQI0;P53620;A0A140T886;Q0V888,A0A3Q1LQI0;P53620;A0A140T886,COPG1,11
0.427549656,0.063179555,0.940811407,n.s.,A0A3Q1LQL8;F1MWK6;A0A3Q1MAS0;P27424;A0A3Q1LL69,A0A3Q1LQL8;F1MWK6;A0A3Q1MAS0;P27424;A0A3Q1LL69,MFAP2,8
1,1,-0.280719376,n.s.,A0A3Q1LRY6;E1B8K6;G3MYJ0;G3X7M4;Q5JB60;A0A3Q1NB16;A7E386,A0A3Q1LRY6;E1B8K6;G3MYJ0;G3X7M4,NCL,26
0.9457156,0.547061251,0.496176427,n.s.,A0A3Q1LSB6;A0A3Q1MQZ2;Q32PF2,A0A3Q1LSB6;A0A3Q1MQZ2;Q32PF2,ACLY,13
0.913204911,0.481575441,0.415440773,n.s.,A0A3Q1LSL4;A5D9E1;Q3ZCA8;F1MBV6;A0A3Q1N4K8;E1BE76,A0A3Q1LSL4;A5D9E1;Q3ZCA8;F1MBV6;A0A3Q1N4K8;E1BE76,TPD52,4
1,1,-0.034178025,n.s.,A0A3Q1LSY8;E1BBB5;G3N2I7,A0A3Q1LSY8;E1BBB5;G3N2I7,SETD5,2
0.989702733,0.687293127,0.334013996,n.s.,A0A3Q1LTC7;F1MXQ7;A0A3Q1LTS1,A0A3Q1LTC7;F1MXQ7;A0A3Q1LTS1,FMR1,5
1,0.93132901,0.077872663,n.s.,A0A3Q1LTZ5;P11179;A0A3Q1MHE5;F1MEQ3,A0A3Q1LTZ5;P11179;A0A3Q1MHE5;F1MEQ3,DLST,21
0.479510156,0.110738893,1.17711833,n.s.,A0A3Q1LU94;Q2T9N1;F1N189;A0A3Q1N814,A0A3Q1LU94;Q2T9N1;F1N189;A0A3Q1N814,FAM114A2,5
0.52862635,0.129799581,0.341524937,n.s.,A0A3Q1LUG9;F1MKS3,A0A3Q1LUG9,TXNDC5,26
1,1,0.103845578,n.s.,A0A3Q1LV36;F1MPE5;Q3B7N3,A0A3Q1LV36;F1MPE5,IPO5,9
1,0.817394974,0.311271514,n.s.,A0A3Q1LV65;Q24JZ4;A0A3Q1MQI0,A0A3Q1LV65;Q24JZ4;A0A3Q1MQI0,MTDH,8
0.375751242,0.040439596,1.138643506,n.s.,A0A3Q1LV94;A0A3Q1MU95;A0A3Q1MBW7;A6QLD6,A0A3Q1LV94;A0A3Q1MU95;A0A3Q1MBW7;A6QLD6,MYO1B,5
0.776579328,0.326476735,-0.877031406,n.s.,A0A3Q1LVB4;E1BM06;A0A3Q1M337,A0A3Q1LVB4;E1BM06;A0A3Q1M337,NDC1,3
0.959396505,0.603913961,0.359778342,n.s.,A0A3Q1LVT9;Q2KJ86,A0A3Q1LVT9;Q2KJ86,PUDP,3
0.43965743,0.083791214,0.686188013,n.s.,A0A3Q1LWD5;Q05B85;G3N151;A0A3Q1N1K0,A0A3Q1LWD5;Q05B85;G3N151;A0A3Q1N1K0,JPT2,8
0.948698527,0.587129516,-0.435465115,n.s.,A0A3Q1LWF3;A0A3Q1M9U0;A0A3Q1N8S4;F1MPR3;Q5MA64;Q0VCY0;A0A3Q1MU86;A0A3Q1N127;A0A3Q1MTP9;E1BMQ6,A0A3Q1LWF3;A0A3Q1M9U0;A0A3Q1N8S4;F1MPR3,ATP2A2,26
0.625488619,0.190348094,0.536771863,n.s.,A0A3Q1LWN4;E1BME9;A0A3Q1N7L1,A0A3Q1LWN4;E1BME9;A0A3Q1N7L1,NDUFV3,7
0.419176767,0.057619424,1.139600075,n.s.,A0A3Q1LWN6;A0A3Q1MG42;F1MYM9;A6QLN6,A0A3Q1LWN6;A0A3Q1MG42;F1MYM9;A6QLN6,MYH11,5
0.907710658,0.455455445,0.569345721,n.s.,A0A3Q1LXV4;F1N151;A5PKE2;A0A3Q1MIT7,A0A3Q1LXV4;F1N151;A5PKE2;A0A3Q1MIT7,DNAJC10,4
0.445072791,0.086819132,1.326227664,n.s.,A0A3Q1LY89;A0A3Q1MG00,A0A3Q1LY89;A0A3Q1MG00,MYEF2,13
1,1,0.248269111,n.s.,A0A3Q1LZ47;Q2HJ65,A0A3Q1LZ47;Q2HJ65,MACROH2A1,10
0.981767397,0.672488654,0.015191137,n.s.,A0A3Q1LZU8;A6QNJ8;A0A3Q1N1T6;F1N6Y1,A0A3Q1LZU8;A6QNJ8;A0A3Q1N1T6;F1N6Y1,GANAB,33
1,1,0.116772157,n.s.,A0A3Q1M037;A0A3Q1N9S1;F1MZT7;A0A3Q1N191,A0A3Q1M037;A0A3Q1N9S1;F1MZT7;A0A3Q1N191,GCN1,2
0.456711189,0.099499005,1.142829548,n.s.,A0A3Q1M0D6;F1MI03;A0A3Q1MP73,A0A3Q1M0D6;F1MI03,SRRM2,6
0.699037835,0.246857531,0.913814974,n.s.,A0A3Q1M0T4;Q3SYT9;A0A3Q1MDS1;A0A3Q1LPY4;A0A3Q1LX34;A0A3Q1MU31;A0A3Q1MTU9;Q17QV0;A0A3Q1N8C6,A0A3Q1M0T4;Q3SYT9;A0A3Q1MDS1;A0A3Q1LPY4;A0A3Q1LX34;A0A3Q1MU31;A0A3Q1MTU9;Q17QV0,PCBP2,12
0.625488619,0.184949935,0.356243237,n.s.,A0A3Q1M0V8;A0A140T8A4;Q1JPJ8,A0A3Q1M0V8;A0A140T8A4;Q1JPJ8,THOP1,25
1,0.837714856,0.067558396,n.s.,A0A3Q1M119;P62261;A0A3Q1MP67,A0A3Q1M119;P62261;A0A3Q1MP67,YWHAE,18
1,0.738175771,-0.191973541,n.s.,A0A3Q1M1U2;A5D973;A0A3Q1LW84;Q32PI5;Q7M2R6,A0A3Q1M1U2;A5D973;A0A3Q1LW84;Q32PI5,PPP2R1A,19
0.914525592,0.486555134,0.588675386,n.s.,A0A3Q1M1W9;Q3T030,A0A3Q1M1W9;Q3T030,PSMC4,12
0.129076356,0.004919951,2.050881889,n.s.,A0A3Q1M278;P62194;A0A3Q1LPN6;A0A3Q1LMS2;F1MFP1;A0A3Q1LSW3;A0A3Q1MIV9,A0A3Q1M278;P62194;A0A3Q1LPN6,PSMC5,7
0.97488318,0.646733153,0.011312132,n.s.,A0A3Q1M3Q7;F1MEN8;Q29RV1,A0A3Q1M3Q7;F1MEN8;Q29RV1,PDIA4,52
1,0.938156694,0.104737746,n.s.,A0A3Q1M3Z5;F1MMR6;Q9BGU5;P80209;A1YZD1,A0A3Q1M3Z5;F1MMR6;Q9BGU5;P80209,CTSD,11
0.907710658,0.469475305,0.428044784,n.s.,A0A3Q1M4I4;Q8SQ21;A0A3Q1MXK6,A0A3Q1M4I4;Q8SQ21;A0A3Q1MXK6,HINT2,3
0.9457156,0.547539565,0.275573927,n.s.,A0A3Q1M4M4;P13619;A0A3Q1MP66,A0A3Q1M4M4;P13619,ATP5PB,8
1,0.981171164,0.020290951,n.s.,A0A3Q1M5Q6;A0A3Q1MCW2;A5PJT7;A0A3S5ZPB5,A0A3Q1M5Q6;A0A3Q1MCW2;A5PJT7;A0A3S5ZPB5,ECM1,17
0.705560767,0.25034416,0.375021841,n.s.,A0A3Q1M651;A0A3Q1M425;A0A3Q1MS63;A0A3Q1MTL2;A0A3Q1LU06,A0A3Q1M651;A0A3Q1M425;A0A3Q1MS63;A0A3Q1MTL2;A0A3Q1LU06,EMID1,14
0.662594929,0.210098461,0.586430341,n.s.,A0A3Q1M6S0;Q08DJ3;A0A3Q1LM31;A0A3Q1MKT5,A0A3Q1M6S0;Q08DJ3;A0A3Q1LM31;A0A3Q1MKT5,FUBP1,18
0.802567854,0.357076429,0.652059457,n.s.,A0A3Q1M720;A2VDM7,A0A3Q1M720;A2VDM7,SF1,7
0.780049824,0.331116689,0.596761232,n.s.,A0A3Q1M7L5;A0A3Q1M008;A0A3Q1M0Q8;A0A3Q1MKH6;E1BBT9;A0A3Q1LV64,A0A3Q1M7L5;A0A3Q1M008;A0A3Q1M0Q8;A0A3Q1MKH6;E1BBT9;A0A3Q1LV64,HSPA4L,18
0.675600666,0.221117789,0.923354614,n.s.,A0A3Q1M816;A4FV61,A0A3Q1M816;A4FV61,ZNF512,4
0.625488619,0.190918091,1.107742496,n.s.,A0A3Q1M895;A1A4K8;Q3T127,A0A3Q1M895;A1A4K8,U2AF1,3
0.784337035,0.334134611,0.456340692,n.s.,A0A3Q1M8B0;F1MLV1;A0A3Q1LQF0;Q2KIW6;Q9TR09,A0A3Q1M8B0;F1MLV1;A0A3Q1LQF0;Q2KIW6,PSMC6,6
1,1,0.136212283,n.s.,A0A3Q1M8C7;F1MJM5;A0A3Q1N2U0;A0A3Q1MJV8;F1N444;A0A3Q1LF45;A7YY58;E1BL59;A0A3Q1MCM4;A0A3Q1LJU9,A0A3Q1M8C7;F1MJM5;A0A3Q1N2U0;A0A3Q1MJV8;F1N444;A0A3Q1LF45;A7YY58,LTBP1,15
0.889941517,0.439594372,-0.231853123,n.s.,A0A3Q1M930;A0A3Q1MBP1;A0A3Q1MJM1;E1B748,A0A3Q1M930;A0A3Q1MBP1;A0A3Q1MJM1;E1B748,HYOU1,43
0.675600666,0.220717793,0.887755063,n.s.,A0A3Q1M9D9;E1B7U1,A0A3Q1M9D9;E1B7U1,MOGS,7
1,0.797891196,-0.092360954,n.s.,A0A3Q1MAM5;F1MIL2,A0A3Q1MAM5;F1MIL2,TLE6,29
0.798309376,0.346351714,0.375814685,n.s.,A0A3Q1MAQ1;G3MWR4;Q3ZCH8;F6QVN4,A0A3Q1MAQ1;G3MWR4,ATP1B1,9
0.875414066,0.423175768,-0.715787701,n.s.,A0A3Q1MBY2;Q148H0;A0A3Q1LM66,A0A3Q1MBY2;Q148H0;A0A3Q1LM66,APOO,3
0.768554902,0.318356816,0.519044808,n.s.,A0A3Q1MBY6;A0A3Q1NAY9;A0A3Q1MDG7;A0A3Q1LRZ2;Q2HJ73;F1MPK4;A0A3Q1LUU2,A0A3Q1MBY6;A0A3Q1NAY9;A0A3Q1MDG7;A0A3Q1LRZ2;Q2HJ73;F1MPK4;A0A3Q1LUU2,HIBCH,2
0.485839026,0.11383448,0.337690514,n.s.,A0A3Q1MCJ7;Q862B7;Q3T076;A0A3Q1MWP9;F1MR01;A0A3Q1LNR2,A0A3Q1MCJ7;Q862B7;Q3T076;A0A3Q1MWP9,RPS14,12
0.380051708,0.042719573,0.982760798,n.s.,A0A3Q1MDH1;Q95ML6;F1N7J2;A0A3Q1ND98;A0A3Q1MU03;A0JN32;A0A3Q1M696;F1MQ01;A0A3Q1MIH7;A0A3Q1LUI4;F1MN60;A0A3Q1LKB5;D3K0R6;A0A3Q1MR17;F1MS16;Q28164,A0A3Q1MDH1;Q95ML6;F1N7J2;A0A3Q1ND98;A0A3Q1MU03;A0JN32,ATP2B1,9
0.380051708,0.044024373,0.816589493,n.s.,A0A3Q1MDH5;Q3T0R7;A0A3Q1NEN2,A0A3Q1MDH5;Q3T0R7,ACAA2,20
0.459398046,0.101458985,-1.035603362,n.s.,A0A3Q1MDI3;Q2KI42,A0A3Q1MDI3;Q2KI42,PSMD11,8
1,0.758284622,-0.438146701,n.s.,A0A3Q1MDT7;A0A3Q1M1Z1,A0A3Q1MDT7;A0A3Q1M1Z1,-,14
0.59781301,0.167785636,0.309319298,n.s.,A0A3Q1ME14;Q2TA40;A0A3Q1M1N7;F1N7X3,A0A3Q1ME14;Q2TA40;A0A3Q1M1N7;F1N7X3,NAP1L4,8
0.763169776,0.306294596,0.604918281,n.s.,A0A3Q1MEA6;A5PJR9,A0A3Q1MEA6;A5PJR9,GNL1,4
0.929629536,0.504474955,-0.601351768,n.s.,A0A3Q1MEH0;Q56K11,A0A3Q1MEH0;Q56K11,SRGN,4
1,0.743248673,-0.187373223,n.s.,A0A3Q1MF55;Q8SQH5;A0A3Q1MWD4;A1XEB0,A0A3Q1MF55;Q8SQH5;A0A3Q1MWD4,SLC25A5,18
0.773448011,0.324096759,-0.856603228,n.s.,A0A3Q1MFJ3;Q2KJ32;A0A3Q1N308,A0A3Q1MFJ3;Q2KJ32;A0A3Q1N308,SELENBP1,7
0.562765281,0.152678473,1.090766831,n.s.,A0A3Q1MFP2;A4FUE5,A0A3Q1MFP2;A4FUE5,RAB3GAP1,6
0.705560767,0.250743008,0.525580334,n.s.,A0A3Q1MG76;A0A3Q1LS34;A7MB83,A0A3Q1MG76;A0A3Q1LS34;A7MB83,PLOD2,14
0.171042487,0.008628825,-1.035895602,n.s.,A0A3Q1MHX8;A0A3Q1MJU0;Q148J4;A0A3Q1M7J6;E1BC58,A0A3Q1MHX8;A0A3Q1MJU0;Q148J4;A0A3Q1M7J6;E1BC58,RAB2A,4
0.41444412,0.056219438,1.433899476,n.s.,A0A3Q1MI08;A0A452DJH4;A7MB35;Q2T9Y3;Q9N1X8,A0A3Q1MI08;A0A452DJH4;A7MB35;Q2T9Y3,PDHA1,4
0.989702733,0.700831319,0.311495141,n.s.,A0A3Q1MIA4;P56701,A0A3Q1MIA4;P56701,PSMD2,5
0.144651352,0.005837947,1.469262229,n.s.,A0A3Q1MIW9;Q0IIG0;A0A3S5ZPM7,A0A3Q1MIW9;Q0IIG0;A0A3S5ZPM7,NOLC1,10
0.989702733,0.699285049,0.211647505,n.s.,A0A3Q1MKJ7;Q28034;A0A3Q1MTB8,A0A3Q1MKJ7;Q28034;A0A3Q1MTB8,PRKCSH,32
1,0.883421723,-0.066506381,n.s.,A0A3Q1MKQ7;P26452;F8UZU9;A0A3Q1MFG3;Q862H8;Q862N6,A0A3Q1MKQ7;P26452;F8UZU9;A0A3Q1MFG3;Q862H8,RPSA,8
0.992497002,0.709880142,0.167380885,n.s.,A0A3Q1MKR2;G3X6L9;A0A3Q1MSP0,A0A3Q1MKR2;G3X6L9;A0A3Q1MSP0,EPRS1,21
0.93294501,0.512680162,0.008824251,n.s.,A0A3Q1MLP3;Q148J8;P41563,A0A3Q1MLP3;Q148J8;P41563,IDH3A,15
1,1,-0.122201941,n.s.,A0A3Q1MLR0;Q5EA64;F1N103;Q08DB7,A0A3Q1MLR0;Q5EA64;F1N103;Q08DB7,COCH,6
0.68887918,0.234002681,0.358905,n.s.,A0A3Q1MM55;F1MMK2;Q5EM56,A0A3Q1MM55;F1MMK2,G6PD,19
0.389622672,0.049023572,0.291261864,n.s.,A0A3Q1MM65;Q58DW0;G3MXR5,A0A3Q1MM65;Q58DW0,RPL4,19
0.853400195,0.399476005,0.65439039,n.s.,A0A3Q1MMA8;Q0VC16;G5E5L5;A0A3Q1M2R2;A0A3Q1MNU0,A0A3Q1MMA8;Q0VC16;G5E5L5;A0A3Q1M2R2;A0A3Q1MNU0,MIA3,6
0.070045468,0.001466614,0.473557264,n.s.,A0A3Q1MME4;A0A3Q1MJF8;A0A3Q1MP10;A0A3Q1M3F3,A0A3Q1MME4;A0A3Q1MJF8,HNRNPA2B1,37
0.664091223,0.214415103,-0.319884935,n.s.,A0A3Q1MN33;A0A3Q1LUC8;A0A3Q1LU91;Q32S38;A0A4Y5RY75,A0A3Q1MN33;A0A3Q1LUC8;A0A3Q1LU91;Q32S38,GCLC,30
0.357880287,0.03639548,1.010654814,n.s.,A0A3Q1MN97;F1N789;A0A3Q1LIB4;A0A3Q1MRN4;Q2PQT6;Q0VCE6,A0A3Q1MN97;F1N789;A0A3Q1LIB4;A0A3Q1MRN4,VCL,16
1,0.993812816,-0.07430512,n.s.,A0A3Q1MNM7;A0A3Q1MB68;A0A3Q1LUT2;F1MX04;A0A3Q1MH27;E1BLC8;A0A3Q1NNI9;A0A3Q1M1I5;G3N2H3;F1MIK1;A0A3Q1LYM8;A0A3Q1MDS7;A0A3Q1M8U3,A0A3Q1MNM7;A0A3Q1MB68;A0A3Q1LUT2;F1MX04;A0A3Q1MH27,EIF4G1,10
0.43965743,0.080925606,0.653697919,n.s.,A0A3Q1MNN2;F1MZC0;A6QPH7;A0A3Q1MMT0;A0A3Q1NB93;F1N6I4;A6QPX6,A0A3Q1MNN2;F1MZC0;A6QPH7;A0A3Q1MMT0;A0A3Q1NB93;F1N6I4;A6QPX6,AKR7A2,10
1,0.990710093,0.10906506,n.s.,A0A3Q1MQD7;G3MWH1;Q3SYU8,A0A3Q1MQD7;G3MWH1;Q3SYU8,TPD52L2,9
1,1,-0.216121812,n.s.,A0A3Q1MQM3;A7E3S8;A0A3Q1M4L0,A0A3Q1MQM3;A7E3S8;A0A3Q1M4L0,ST13,9
0.427549656,0.068301663,-0.265986962,n.s.,A0A3Q1MR04;A0A3Q1LSE5;F1MZU2;A8RCD4;G3N178,A0A3Q1MR04;A0A3Q1LSE5;F1MZU2,NSF,32
0.249295341,0.020779792,1.538937778,n.s.,A0A3Q1MRD9;F1MYS7;A0A3Q1N3Q6;A0A3Q1N2J5;Q3MHP6,A0A3Q1MRD9;F1MYS7;A0A3Q1N3Q6;A0A3Q1N2J5;Q3MHP6,EIF4B,4
1,0.904070959,-0.285998344,n.s.,A0A3Q1MRF3;A6H7B5,A0A3Q1MRF3;A6H7B5,COPS3,3
1,1,0.074045716,n.s.,A0A3Q1MRG1;E1BIN5,A0A3Q1MRG1;E1BIN5,CUL3,3
1,0.934170658,0.147775589,n.s.,A0A3Q1MTY6;F1N1S2;Q148E3;Q28137,A0A3Q1MTY6;F1N1S2,MAP1B,15
0.316217818,0.030487368,-0.534329272,n.s.,A0A3Q1MUI7;A0A3Q1LR42;F1MV80;A0JN34,A0A3Q1MUI7;A0A3Q1LR42;F1MV80,NADK2,21
0.800200675,0.352554782,0.65969748,n.s.,A0A3Q1MVG1;A0A3Q1LLV8;A0A3Q1M8S2;F1N1R8;A0A3Q1MVV4,A0A3Q1MVG1;A0A3Q1LLV8;A0A3Q1M8S2;F1N1R8;A0A3Q1MVV4,EML4,4
0.714388887,0.256283009,0.448051914,n.s.,A0A3Q1N0B0;Q32LA7;P0C0S4,A0A3Q1N0B0;Q32LA7;P0C0S4,H2AZ2,12
0.466435135,0.104058959,0.744413843,n.s.,A0A3Q1N0N4;A0A3Q1M1V8;A0A3Q1LQX6,A0A3Q1N0N4;A0A3Q1M1V8;A0A3Q1LQX6,TPM1,20
0.97488318,0.64295357,0.305160121,n.s.,A0A3Q1N0N9;E1BMP2,A0A3Q1N0N9;E1BMP2,SEC31A,7
1,1,-0.102152218,n.s.,A0A3Q1N0W4,A0A3Q1N0W4,-,2
1,0.932270401,-0.024535059,n.s.,A0A3Q1N238;Q58DR8;F1MZ38,A0A3Q1N238;Q58DR8;F1MZ38,SUCLG1,16
1,1,-0.002176902,n.s.,A0A3Q1N245,A0A3Q1N245,CDA,2
0.249295341,0.020359796,1.646185124,n.s.,A0A3Q1N375;A7YWE4;A0A3Q1MVR8;A0A5C0NRA3,A0A3Q1N375;A7YWE4;A0A3Q1MVR8,ALDH4A1,5
1,0.82199178,0.412104823,n.s.,A0A3Q1N389;Q0IIJ0,A0A3Q1N389;Q0IIJ0,NAA50,2
0.753588298,0.288217118,0.847851999,n.s.,A0A3Q1N4G7;A4FUY3,A0A3Q1N4G7;A4FUY3,P3H1,5
0.246384263,0.018679813,-1.670855633,n.s.,A0A3Q1N552;A0A3Q1LUM5;A6H767;A0A3Q1LQC2;G3X7M5;A0A3Q1NDU3,A0A3Q1N552;A0A3Q1LUM5;A6H767;A0A3Q1LQC2;G3X7M5,LOC112441545,7
0.389622672,0.049459505,1.41557379,n.s.,A0A3Q1N568;Q5E9G3;F1MU19,A0A3Q1N568;Q5E9G3;F1MU19,PSME2,3
0.931364225,0.507554924,0.359610467,n.s.,A0A3Q1N744;A0A3Q1LK47;Q2KJI7,A0A3Q1N744;A0A3Q1LK47;Q2KJI7,AFG3L2,14
0.243159069,0.01799159,0.370717735,n.s.,A0A3Q1N8Q5;P61603;A0A3Q1MBC6,A0A3Q1N8Q5;P61603,HSPE1,26
0.967823646,0.62545949,-0.009173097,n.s.,A0A3Q1NC75,A0A3Q1NC75,CALU,17
1,1,-0.104365573,n.s.,A0A3Q1NCG2;A0A3Q1MFI3;F1N290;A0A3Q1NNE9;A0A3Q1MCY4,A0A3Q1NCG2;A0A3Q1MFI3;F1N290;A0A3Q1NNE9;A0A3Q1MCY4,COBLL1,6
1,0.791372086,-0.3459009,n.s.,A0A3Q1NCR8;A7YY65,A0A3Q1NCR8;A7YY65,MTCH1,2
0.938120628,0.520593846,-0.028524341,n.s.,A0A3Q1NDV9,A0A3Q1NDV9,LOC538435,5
0.43965743,0.080799192,1.026535541,n.s.,A0A3Q1NEH4;A0A3Q1M1S6;Q2KJ39,A0A3Q1NEH4;A0A3Q1M1S6;Q2KJ39,RCN3,7
0.43965743,0.078919211,1.222802482,n.s.,A0A3Q1NGX5;Q2T9Y9;F2Z4E7,A0A3Q1NGX5;Q2T9Y9;F2Z4E7,ILF2,2
0.286536009,0.026619734,1.37265565,n.s.,A0A3Q1NHX1;A0A3Q1M5U2;F1MQG6;A4FUB9;A7Z082;A0A3Q1M6T5;F6QIB4,A0A3Q1NHX1;A0A3Q1M5U2;F1MQG6;A4FUB9,ACIN1,6
0.59781301,0.168058319,1.119220713,n.s.,A0A3Q1NJ70;E1BCW3,A0A3Q1NJ70;E1BCW3,PFKP,4
1,0.81972873,-0.003932225,n.s.,A0A3Q1NK91;Q0IIL6;Q68V19,A0A3Q1NK91;Q0IIL6;Q68V19,HSD17B4,9
0.625488619,0.187450266,0.569958477,n.s.,A0A3Q1NNJ3;P52556,A0A3Q1NNJ3;P52556,BLVRB,3
0.93294501,0.511134889,0.582657959,n.s.,A0A3Q1NNQ9;E1BGF3,A0A3Q1NNQ9;E1BGF3,HCFC1,5
0.956709393,0.59777301,-0.340091947,n.s.,A0A3S5ZP98;Q2KJC9;E1BFG0,A0A3S5ZP98;Q2KJC9;E1BFG0,ALDH7A1,16
0.43984028,0.084319157,1.191739873,n.s.,A0A3S5ZPE0;C1JZ67,A0A3S5ZPE0;C1JZ67,KPNA4,2
0.856583615,0.404284419,-0.162724981,n.s.,A0A3S5ZPM3;Q3ZCI4;Q862J6,A0A3S5ZPM3;Q3ZCI4,PGD,21
1,0.840128201,-0.001005539,n.s.,A0A3S5ZPU0;A4IFC8,A0A3S5ZPU0;A4IFC8,LIG1,28
0.081463826,0.002101508,1.255308932,n.s.,A0A452DHZ5;Q0P569,A0A452DHZ5;Q0P569,NUCB1,14
0.753588298,0.292103815,-0.388373094,n.s.,A0A452DI24;P50397;A0A3Q1MPF1;A0A3Q1MNB1,A0A452DI24;P50397;A0A3Q1MPF1,GDI2,19
0.907710658,0.458085819,-0.346847557,n.s.,A0A452DI45;A0A3Q1LR88;A0A3Q1N8A3;A0A3Q1LPZ4;P79136;A0A3Q1LZP7;A0A3Q1MG13,A0A452DI45;A0A3Q1LR88;A0A3Q1N8A3;A0A3Q1LPZ4;P79136;A0A3Q1LZP7;A0A3Q1MG13,CAPZB,8
0.979051198,0.66205081,-0.023087503,n.s.,A0A452DID9;P60661;A0A3Q1MDB1;A1XEA6;A1XEA7,A0A452DID9;P60661;A0A3Q1MDB1,MYL6,12
0.59781301,0.168874926,-0.203940163,n.s.,A0A452DII8;P00829;Q0QEM9,A0A452DII8;P00829;Q0QEM9,ATP5F1B,42
0.427549656,0.067157126,0.612355006,n.s.,A0A452DIL5;Q32LE9;J7HCG2,A0A452DIL5;Q32LE9,CSRP2,7
0.989702733,0.690374636,-0.091100672,n.s.,A0A452DIW4;Q3T145,A0A452DIW4;Q3T145,MDH1,17
1,0.771273168,0.045995386,n.s.,A0A452DIZ9;Q27991;A0A3Q1LNB7;F1MM57;Q27990,A0A452DIZ9;Q27991,MYH10,53
0.066881445,0.001274646,-0.639653601,n.s.,A0A452DJ66;Q2HJ86;F2Z4C1;Q2HJB8;Q862L2;Q7M372;Q862I8,A0A452DJ66;Q2HJ86;F2Z4C1,TUBA1D,36
0.948698527,0.585288633,-0.15971791,n.s.,A0A452DJE9;A0A452DKD0;P04973,A0A452DJE9;A0A452DKD0;P04973,CLTA,11
1,0.826413347,-0.047698898,n.s.,A0A452DJG1;P31404,A0A452DJG1;P31404,ATP6V1A,13
1,1,-0.143710681,n.s.,A0A452DJG7;Q3SZI6;A0A3Q1MS82,A0A452DJG7;Q3SZI6;A0A3Q1MS82,RPN2,6
0.936984707,0.518913055,0.091044281,n.s.,A0A452DJM0;Q24JY1;A0A452DJ23;E1BII3;S5G966;E1BED6;A0A5B9NMA4;A0A5B9NIL7;E1B983,A0A452DJM0;Q24JY1;A0A452DJ23;E1BII3;S5G966;E1BED6;A0A5B9NMA4;A0A5B9NIL7;E1B983,RPL23A,7
0.611396065,0.176153351,-0.313353475,n.s.,A0A493UA87;P16116;A0A3Q1M9Q1;A0A3Q1MBL5;Q862S5,A0A493UA87;P16116;A0A3Q1M9Q1,AKR1B1,38
0.928052808,0.498408276,0.192370227,n.s.,A0A498UZ20;E1BPK6,A0A498UZ20;E1BPK6,MYO6,26
0.857237088,0.407475925,-0.750409695,n.s.,A0A8E6GNW9;B1P072;Q8M444;Q7JAT3;Q3L5W1;P68530;Q6QTG8;A0A8E6LR54;A0A8E6LPC5;A0A8E6GNX5;B2KPB9;A0A0N9SLY9;I3PEJ3;A1XEF0;A1XEF2;A1XEE6;A1XEE9,A0A8E6GNW9;B1P072;Q8M444;Q7JAT3;Q3L5W1;P68530;Q6QTG8;A0A8E6LR54;A0A8E6LPC5;A0A8E6GNX5;B2KPB9;A0A0N9SLY9;I3PEJ3,COX2,3
0.989702733,0.6828708,-0.371217437,n.s.,A0JBZ9,A0JBZ9,p97bcnt2,10
0.690268308,0.238233887,0.300897881,n.s.,A0JN43,A0JN43,ESYT1,28
1,0.861775502,0.038570752,n.s.,A0JNQ6;A0A3Q1NCS1,A0JNQ6;A0A3Q1NCS1,OOEP,15
0.948698527,0.562249871,-0.175080372,n.s.,A1A4J1,A1A4J1,PFKL,14
0.554219161,0.146790568,0.679824457,n.s.,A1A4M0,A1A4M0,TIMM13,4
1,1,-0.067655099,n.s.,A1A4Q4;A0A452DJ25,A1A4Q4;A0A452DJ25,TMA7,4
0.449567689,0.090493173,0.245385401,n.s.,A1L555;P26779;F1MXP8;A0A3Q1MI01;A0A140T8C6,A1L555;P26779;F1MXP8;A0A3Q1MI01;A0A140T8C6,PSAP,25
0.43965743,0.08376942,1.04193286,n.s.,A1L5B7;Q2KJD1,A1L5B7;Q2KJD1,SERBP1,6
1,1,0.472476504,n.s.,A2VDN6,A2VDN6,SF3A1,5
0.233107002,0.01530056,0.440522545,n.s.,A2VDN7;Q08DH6,A2VDN7;Q08DH6,HNRNPU,39
0.994134331,0.723404081,0.005165767,n.s.,A2VDZ9;Q861V1;A0A3Q1LIG6,A2VDZ9;Q861V1,VAPB,15
0.750273474,0.281773109,0.620350626,n.s.,A2VE47,A2VE47,ADPGK,9
0.929629536,0.505460005,0.136942974,n.s.,A2VE99;A0A3Q1MUN6;A0A3Q1LZ10;A0A452DIM2;A0A3Q1LMZ8;Q3SZN0;A0A3Q1N7R1;A0A3Q1MG56;A0A3Q1MIY9;Q0VCP4;A0A3Q1MFV9;A0A3Q1MHE0;A0A3Q1LNH8;A0A3Q1LN12,A2VE99;A0A3Q1MUN6;A0A3Q1LZ10;A0A452DIM2,SEPTIN11,8
0.12008106,0.004038007,-0.48195386,n.s.,A3KMV5;A0A3Q1LKR8;O77800;Q9N1X9,A3KMV5;A0A3Q1LKR8,UBA1,40
0.241059421,0.016485005,1.144941874,n.s.,A3KMV6;A0A3Q1NB36;A0A3Q1MI86,A3KMV6;A0A3Q1NB36;A0A3Q1MI86,HNRNPR,10
1,0.930011507,-0.074142622,n.s.,A3KN04;F1MJ36;A6QL95,A3KN04,RPN1,33
1,0.938972851,-0.032391854,n.s.,A3KN12;F1MHP6;Q6PWM2,A3KN12;F1MHP6,ADSL,12
1,1,0.235814112,n.s.,A3KN22;A0A3Q1MF04,A3KN22;A0A3Q1MF04,UBE2M,3
0.948698527,0.570991749,0.431526118,n.s.,A4FUA8;A0A3Q1N894;A0A3Q1LFG8;A0A3Q1M698;A0A3Q1LXG3,A4FUA8;A0A3Q1N894;A0A3Q1LFG8,CAPZA1,11
0.753588298,0.293310773,-0.174967477,n.s.,A4FUD0;A0A3Q1M478,A4FUD0;A0A3Q1M478,MTHFD1,56
0.249295341,0.020579794,1.339565263,n.s.,A4FUI1,A4FUI1,MIX23,6
1,0.822879856,-0.063502786,n.s.,A4FUZ1;A0A3Q1LS06,A4FUZ1;A0A3Q1LS06,GLO1,10
1,0.839051609,0.233520279,n.s.,A4FUZ3;Q5E9D7;A0A3Q1LUA4,A4FUZ3;Q5E9D7;A0A3Q1LUA4,PSMC1,9
0.768554902,0.315936841,0.592804004,n.s.,A4IFC3;A0A3Q1MGV5;G3MYW4;G3MZ94,A4IFC3,PABPC4,14
0.97488318,0.647613524,-0.550518573,n.s.,A4IFT6,A4IFT6,TMED7,2
0.913204911,0.482533837,-0.219103705,n.s.,A5D7D1,A5D7D1,ACTN4,38
0.834478273,0.384496155,0.458864088,n.s.,A5D7D9,A5D7D9,DHX15,3
0.05711653,0.001024512,-0.786916144,n.s.,A5D7M4;A0A3Q1LU70,A5D7M4;A0A3Q1LU70,YBX2,17
0.625488619,0.187578124,0.69652945,n.s.,A5D7N2;A0A3Q1MBN5;A6QQ28;A0A3Q1MQN3;G3N080;G3MXG1;G3N0F3;G3N3L9;G3MZR4;G3N1G0;G3N1R5;G3N0L9;F1MUU9;Q9TR74;E1BPK0,A5D7N2;A0A3Q1MBN5;A6QQ28;A0A3Q1MQN3,HIST2H2BE,24
0.981767397,0.672397019,-0.102603598,n.s.,A5D977,A5D977,RALB,11
0.449567689,0.092576777,0.793985683,n.s.,A5D9H5;A6H6Y0;A0A3Q1M8I4,A5D9H5;A6H6Y0;A0A3Q1M8I4,HNRNPD,17
0.948698527,0.577546596,0.205067115,n.s.,A5PJA6;Q32LL2,A5PJA6;Q32LL2,STOML2,10
1,1,-0.070374309,n.s.,A5PJE0;F1MX44,A5PJE0;F1MX44,GSTA5,8
0.380051708,0.045785917,1.025565743,n.s.,A5PJP2;A0A3Q1MU58,A5PJP2,SAFB,19
0.211574025,0.013249562,0.870290869,n.s.,A5PJY0;F1ME46;A0A3Q1MSA1,A5PJY0;F1ME46;A0A3Q1MSA1,LMAN1,10
0.875414066,0.424875751,-0.490260395,n.s.,A5PJZ1,A5PJZ1,SLC25A24,15
1,1,-0.150352187,n.s.,A5PK45;A0A3Q1N2V9,A5PK45;A0A3Q1N2V9,COLGALT1,16
0.943512628,0.529932541,0.168393741,n.s.,A5PK97;F1N2J5,A5PK97,HAPLN3,12
1,1,0.109159842,n.s.,A5PKI3,A5PKI3,FAM3C,4
0.9457156,0.535718823,-4.09E-04,n.s.,A6H768,A6H768,GALK1,22
0.82276387,0.378056219,0.788376339,n.s.,A6H769;A0A3Q1M657,A6H769;A0A3Q1M657,RPS7,11
0.508941199,0.120959119,0.7881485,n.s.,A6H797,A6H797,MLEC,5
0.630660073,0.197258027,0.589549231,n.s.,A6H7E3;Q5E9E1,A6H7E3;Q5E9E1,PDLIM1,7
1,0.74956327,0.168154428,n.s.,A6H7G2;A0A452DIT4,A6H7G2;A0A452DIT4,DBNL,14
0.202101194,0.010875401,0.207607357,n.s.,A6H7J6;F6Q9Q9;P05307;A0A3Q1LPQ0;G9BHW9,A6H7J6;F6Q9Q9;P05307;A0A3Q1LPQ0,P4HB,57
0.357880287,0.036510209,0.64004234,n.s.,A6QL77,A6QL77,P4HA1,24
0.43965743,0.077966838,0.302474614,n.s.,A6QL93;A0A3Q1MJS7,A6QL93,TACC3,31
0.948336318,0.557094429,0.552505292,n.s.,A6QLI0,A6QLI0,EPDR1,3
0.249295341,0.020959216,0.303656906,n.s.,A6QLL8;A0A3Q1LMG1;Q3T0S5;A5PK73;A0A3Q1MFK7;G3MXL6,A6QLL8;A0A3Q1LMG1,ALDOA,48
0.719111712,0.258783475,0.439923925,n.s.,A6QLV1,A6QLV1,SUN2,20
0.796235765,0.344456555,-0.504434005,n.s.,A6QLV3,A6QLV3,SHOC2,8
0.449567689,0.088639114,1.189403615,n.s.,A6QLX2;F1MM59;Q25BC4,A6QLX2;F1MM59;Q25BC4,FBL,10
0.753588298,0.293793622,0.250032118,n.s.,A6QNW7;CON__ENSEMBL:ENSBTAP00000031360;A0A3Q1MHR7;A0A3Q1NJL4;B6UM02;B6ULW9;A0A3Q1LVH8;A0A3Q1MP59;B6ULX0;B6UM00;A0A3Q1MZY9;A0A3Q1MBP6;A0A3Q1LH54;A0A3Q1MA56;E9QB09;F1N6N9;E3W9A0,A6QNW7,CD5L,15
0.875414066,0.422355776,0.609327101,n.s.,A6QP36,A6QP36,LMAN2,5
0.126621704,0.004529966,1.262861895,n.s.,A6QQL4;G3MZF7,A6QQL4;G3MZF7,UBFD1,11
0.449567689,0.089699103,1.198093786,n.s.,A6QQR5;A0A3Q1LPS9;A0A3Q1M1M5,A6QQR5;A0A3Q1LPS9;A0A3Q1M1M5,TMEM43,14
0.948698527,0.562949443,0.382466765,n.s.,A6QQT4;A0A3Q1M722;A0A3Q1LV44;A0A3Q1LZB8;A0A3Q1LJ52;Q0V8E9;F1N015;Q1JPA0;A0A3Q1LKF2;A0A3Q1M3Q4,A6QQT4;A0A3Q1M722;A0A3Q1LV44;A0A3Q1LZB8;A0A3Q1LJ52,ALDH3A2,8
0.690772556,0.240841104,-0.424196161,n.s.,A6QR35;A0A3Q1M8R7;A0A3Q1NFI0,A6QR35,SCAMP2,3
0.836460101,0.387284778,-0.345395271,n.s.,A6QR46;A0A452DHU1,A6QR46;A0A452DHU1,RAB6B,6
0.43965743,0.082024166,0.336186794,n.s.,A7E307;F6R9E0;A7E396,A7E307;F6R9E0,DDX17,29
0.43965743,0.08124764,-0.446230636,n.s.,A7E3Q2;P34933,A7E3Q2;P34933,HSPA2,34
0.959396505,0.605266703,0.37865131,n.s.,A7E3V1;P31039;G3MY67;A0A3Q1MCH3;Q2HJI1;G5E6M7;Q0QF04;Q2QJG4,A7E3V1;P31039;G3MY67;A0A3Q1MCH3;Q2HJI1;G5E6M7;Q0QF04,SDHA,19
1,0.77319312,-0.239240253,n.s.,A7MAZ5,A7MAZ5,H1-3,33
0.600510284,0.170997323,0.49170965,n.s.,A7MB50;Q28205;F6PTQ9;A0A3Q1LIQ9;A0A3Q1M9V2,A7MB50;Q28205;F6PTQ9;A0A3Q1LIQ9;A0A3Q1M9V2,TBCD,9
0.727972727,0.262875778,-0.650204851,n.s.,A7MB62;A0A3Q1LXR9;A0A3Q1M2H2;A0A3Q1M5Y2,A7MB62;A0A3Q1LXR9;A0A3Q1M2H2,ACTR2,11
0.731213047,0.268217318,0.564539753,n.s.,A7MBD4;A0A3Q1MAU9,A7MBD4;A0A3Q1MAU9,FARSA,3
0.05711653,0.001016904,1.448473074,n.s.,A7MBG8,A7MBG8,RUVBL1,10
0.796235765,0.344559423,0.502316852,n.s.,A7MBG9;Q1JPH6;A0A3Q1LN44;G3MXI7,A7MBG9;Q1JPH6;A0A3Q1LN44;G3MXI7,WBSCR1,10
1,0.89701103,-0.175097146,n.s.,A7MBH9;Q95KM8;Q7M3G9,A7MBH9;Q95KM8,GNAI2,6
0.389622672,0.049794826,0.894296351,n.s.,A7MBI6,A7MBI6,GLOD4,7
0.427549656,0.064795417,-0.462404547,n.s.,A7MBJ5;E1BNE2,A7MBJ5,CAND1,32
1,1,-0.076476311,n.s.,A7YW98,A7YW98,RARS1,13
0.901136144,0.450568072,0.175551817,n.s.,A7Z014;A5PJ79;A7E3W4;Q6B855;Q6PT94,A7Z014;A5PJ79;A7E3W4;Q6B855,TKT,31
1,0.813811862,-0.216864051,n.s.,A7Z035;A0A3Q1M4Z2,A7Z035;A0A3Q1M4Z2,CLINT1,4
0.690268308,0.239054778,0.364878684,n.s.,A7Z055,A7Z055,PLAA,24
0.753588298,0.294845646,0.274053746,n.s.,A7Z057;P68252,A7Z057;P68252,YWHAG,21
0.675600666,0.221160756,-0.284215783,n.s.,A7Z066;A0A3Q1LFC5;Q8HYW3,A7Z066;A0A3Q1LFC5,CANX,31
0.38090472,0.046879531,1.435637977,n.s.,B0JYK4;P31322;F6Q9S4,B0JYK4;P31322;F6Q9S4,PRKAR2B,14
0.980133215,0.66697406,0.588030387,n.s.,B0JYM7;Q3SZA5;F1ME02,B0JYM7;Q3SZA5;F1ME02,SMS,15
0.753588298,0.294546573,0.139033937,n.s.,B0JYQ0,B0JYQ0,ALB,154
0.427549656,0.066965612,0.718897821,n.s.,B3IVN4,B3IVN4,PKM,12
0.560946692,0.150298497,0.749983919,n.s.,B6VAP7;Q2KJ93;F1MND1,B6VAP7;Q2KJ93,CDC42,7
0.836460101,0.387202608,0.313094276,n.s.,C1JZ66,C1JZ66,KPNA7,6
0.265869699,0.023844816,0.777299815,n.s.,D3JUI8,D3JUI8,RBMX,20
0.427549656,0.062896037,0.650001534,n.s.,E1B7K5,E1B7K5,CKAP5,17
0.959396505,0.606613934,0.421466894,n.s.,E1B7R4;A7E394,E1B7R4;A7E394,EIF3A,11
1,1,-0.0519516,n.s.,E1B7W1;A0A3Q1NI32,E1B7W1;A0A3Q1NI32,THRAP3,13
1,0.835871641,0.199296103,n.s.,E1B844,E1B844,TIMM44,9
0.55121253,0.145218548,0.858252514,n.s.,E1B8G9,E1B8G9,H2BU1,17
0.202101194,0.010803243,0.574246621,n.s.,E1B8N6;A7YY47;A0A3Q1LNG7,E1B8N6;A7YY47;A0A3Q1LNG7,LMNB1,36
0.728413639,0.265397346,0.607734135,n.s.,E1B9H3;Q0V8K2,E1B9H3,CCAR2,11
1,1,-0.057328726,n.s.,E1B9R5;G3N309;A0A3Q1LZL0,E1B9R5;G3N309;A0A3Q1LZL0,DNAH8,2
0.427549656,0.068224328,0.952846036,n.s.,E1BB17;A0A3Q1MF67;G3MYE8,E1BB17;A0A3Q1MF67,HNRNPH3,10
1,0.849586554,0.012821144,n.s.,E1BBC4;A0A3Q1LJL3;A0A3Q1MGQ5,E1BBC4;A0A3Q1LJL3;A0A3Q1MGQ5,OPA1,62
0.907710658,0.457703188,0.236772897,n.s.,E1BBY7,E1BBY7,HSPA4,28
0.9457156,0.550713608,0.061654263,n.s.,E1BC90,E1BC90,CCNI2,20
0.576772355,0.158418416,0.964870933,n.s.,E1BCF2,E1BCF2,CRLF3,3
0.427549656,0.060941548,-0.665499105,n.s.,E1BDM8;A0A3Q1LHB1,E1BDM8;A0A3Q1LHB1,DDX6,15
1,0.991361162,0.064234254,n.s.,E1BDX8;A0A3Q1NEU9,E1BDX8;A0A3Q1NEU9,DYNC1H1,76
0.979051198,0.665140164,-0.125690434,n.s.,E1BDZ4;A0A3Q1LRH3,E1BDZ4;A0A3Q1LRH3,NLRP14,24
0.625488619,0.18806752,0.429578126,n.s.,E1BEG2;A0A3Q1LPR0;A0A3Q1MD54;A0A3Q1NDU9;G3N220;A0A3Q1MEY9,E1BEG2;A0A3Q1LPR0,HNRNPA3,25
0.975193609,0.650493495,0.411254102,n.s.,E1BEI2,E1BEI2,SPCS2,4
1,0.831450893,-0.366458112,n.s.,E1BEY9,E1BEY9,LSM14B,9
0.989702733,0.691937642,0.167525745,n.s.,E1BF20;A0A3Q1MIM4;A0A3Q1LU71;A0A3Q1MIG4;A0A3Q1N348;A5D9B4;Q3SZF3,E1BF20;A0A3Q1MIM4;A0A3Q1LU71;A0A3Q1MIG4;A0A3Q1N348,HNRNPH1,17
0.967823646,0.632213678,0.348657541,n.s.,E1BF55,E1BF55,MAP7D2,6
1,0.801744284,0.154348641,n.s.,E1BFV0,E1BFV0,KPNB1,16
0.9457156,0.549601441,0.293329044,n.s.,E1BG99,E1BG99,EIF4ENIF1,15
0.912988056,0.477266379,7.98E-04,n.s.,E1BGD1,E1BGD1,TOMM34,6
1,0.991290087,0.236547574,n.s.,E1BGH0;A0A3Q1NB13,E1BGH0;A0A3Q1NB13,ABCF1,2
0.505022077,0.1194615,-1.412222856,n.s.,E1BH22;A1A4R1;F1MRN2;A0A096LNF2,E1BH22;A1A4R1;F1MRN2;A0A096LNF2,H2AC18,19
0.43965743,0.075990448,0.532582994,n.s.,E1BIB4;Q08E28;F1N7G0,E1BIB4,HNRNPL,20
0.205157948,0.011499885,1.596101994,n.s.,E1BIX5;A0A3Q1MAS6,E1BIX5;A0A3Q1MAS6,NUP153,4
0.979051198,0.662074156,0.26412875,n.s.,E1BJA2,E1BJA2,AIFM1,16
1,0.997017005,-0.012942792,n.s.,E1BJB1;G3X7R7,E1BJB1;G3X7R7,TUBB2A,30
1,0.827094022,-0.284482654,n.s.,E1BKM4,E1BKM4,PDCD6IP,19
1,0.81401186,0.36200558,n.s.,E1BKX3,E1BKX3,MYBBP1A,2
0.690772556,0.240291389,-0.231437035,n.s.,E1BKZ1;A0A4Y5RZ06,E1BKZ1,GSR,22
1,1,-0.783336361,n.s.,E1BL29;A0A3Q1MCD6,E1BL29,BLMH,6
0.537809105,0.139768923,0.125428062,n.s.,E1BL33,E1BL33,NLRP8,48
0.756643236,0.299780885,0.413124544,n.s.,E1BLV6,E1BLV6,VARS1,14
0.948698527,0.580135224,0.180898187,n.s.,E1BME6;A0A3Q1LZ02;F1MIM3,E1BME6;A0A3Q1LZ02,HK2,32
0.796235765,0.343585885,-0.600840287,n.s.,E1BNB4,E1BNB4,PABPC1L,9
0.59781301,0.168888877,0.567982752,n.s.,E1BP91,E1BP91,NPEPPS,12
0.249295341,0.021440629,-0.634177803,n.s.,E1BPE9;A0A3Q1MIJ4;A0A3Q1LRV9,E1BPE9;A0A3Q1MIJ4,KHDC3L,9
0.736894284,0.27427007,0.106550886,n.s.,E3SAZ8;D3U796;F1MTV9;Q3T160;E1BCL3;E2CT01;A0A3Q1LXL7;A0A3Q1LR94,E3SAZ8;D3U796;F1MTV9;Q3T160;E1BCL3,NPM1,25
0.765827466,0.308803449,-0.35959427,n.s.,F1MB84;A0A3Q1NGN7,F1MB84;A0A3Q1NGN7,GRHPR,9
0.625488619,0.186375719,0.291872543,n.s.,F1MBA3;P53710;A0A3Q1NKA4,F1MBA3;P53710;A0A3Q1NKA4,ITGA2,21
0.449567689,0.090347446,-0.637518721,n.s.,F1MBE7,F1MBE7,ACCSL,15
0.699037835,0.246340616,0.379159301,n.s.,F1MBS4,F1MBS4,SLC25A10,5
0.544800706,0.142918571,1.120350162,n.s.,F1MBW3;A0A3Q1LZ55;A7E3D9,F1MBW3;A0A3Q1LZ55;A7E3D9,ACSL4,20
0.907710658,0.471075289,-0.675382217,n.s.,F1MDA6;A4FUX9,F1MDA6;A4FUX9,VPS45,2
0.53225939,0.134058659,0.835895097,n.s.,F1MDH3;A0A3Q1MLQ7;A0A3Q1N5M2;A0A3Q1M5E5;A0A3Q1MU54;F1MQI1,F1MDH3;A0A3Q1MLQ7,TLN1,14
0.162809365,0.007848434,0.490043153,n.s.,F1ME65,F1ME65,CKAP4,53
0.989702733,0.697133029,-0.355443258,n.s.,F1MER7,F1MER7,HSPG2,25
0.243159069,0.017775258,0.371308715,n.s.,F1MF35;E1BEV7;F1N0X6,F1MF35,TLL2,33
0.52862635,0.130378696,0.954947972,n.s.,F1MF76,F1MF76,LOC515570,6
0.9457156,0.550339799,-0.090597204,n.s.,F1MFX7;A6QNQ3;A0A3Q1MD91,F1MFX7;A6QNQ3;A0A3Q1MD91,UHRF2,31
0.899536877,0.448759989,0.298081071,n.s.,F1MHR6;A0A3Q1NE05;A0A3Q1MB99;A0A3Q1N6L6,F1MHR6;A0A3Q1NE05;A0A3Q1MB99;A0A3Q1N6L6,KHSRP,22
0.607320489,0.174298257,0.978076406,n.s.,F1MI47;Q5EA36;Q2HJ77,F1MI47;Q5EA36,RBM14,19
0.516448717,0.123901374,0.434590134,n.s.,F1MJI7,F1MJI7,LMNB2,32
0.808797023,0.36903631,-0.554060674,n.s.,F1MJQ1;A0A3Q1M3K7;A0A3Q1M3F1;A0A3Q1LUM6;Q3T0F5,F1MJQ1;A0A3Q1M3K7;A0A3Q1M3F1;A0A3Q1LUM6;Q3T0F5,RAB7A,7
0.753588298,0.287133659,0.406179853,n.s.,F1MLG1,F1MLG1,SRPRB,3
1,1,-0.327224084,n.s.,F1MLQ1,F1MLQ1,LOC524236,13
1,0.873671263,0.13716591,n.s.,F1MM83;Q2TBQ8,F1MM83;Q2TBQ8,PGLS,8
0.243159069,0.017271583,0.859676812,n.s.,F1MMA0;A0A3Q1LQQ5;Q0V8D5,F1MMA0;A0A3Q1LQQ5;Q0V8D5,ILF3,19
0.211574025,0.013519865,1.428447521,n.s.,F1MMQ6;A0A3Q1MKF2,F1MMQ6;A0A3Q1MKF2,MYO5B,9
1,0.8100319,-0.203551928,n.s.,F1MMU4,F1MMU4,H1-10,9
0.451535274,0.095719043,-1.193662411,n.s.,F1MNF8,F1MNF8,LOC100141266,32
0.427549656,0.068542153,0.738655151,n.s.,F1MNI4,F1MNI4,RAB5B,7
4.66E-04,2.09E-06,-0.365195989,n.s.,F1MNN6;Q3SYU9;A0A3Q1MFD0;A1L549,F1MNN6;Q3SYU9;A0A3Q1MFD0,MVP,156
1,0.779072209,0.451601486,n.s.,F1MNS8,F1MNS8,PDAP1,9
0.070045468,0.001492,-0.516553019,n.s.,F1MP41,F1MP41,ASTL,29
0.365910509,0.038470155,-0.560905416,n.s.,F1MPB2;E1BKJ7;A0A3Q1LYK1;A0A3Q1MM04;E1BFI4,F1MPB2,IGF2BP3,27
0.427549656,0.064739353,1.018953213,n.s.,F1MPP1;Q17R06,F1MPP1;Q17R06,RAB21,4
1,1,-0.201035057,n.s.,F1MQ37;O02717,F1MQ37;O02717,MYH9,43
0.968008204,0.635933641,0.398673907,n.s.,F1MSG8;A0A3Q1M0T0;A0A3Q1M8J2;A0A3Q1MCR3;A0A3Q1M2K6,F1MSG8;A0A3Q1M0T0;A0A3Q1M8J2;A0A3Q1MCR3;A0A3Q1M2K6,RHOBTB3,2
1,1,0.010408202,n.s.,F1MSL9,F1MSL9,UGGT2,5
0.981081858,0.668719473,-0.334566868,n.s.,F1MSQ9;A5D7N8;A0A3Q1MVE5;A0A3Q1LPP7;A0A3Q1MKK7;F1MCA8;P01251;P01250,F1MSQ9;A5D7N8;A0A3Q1MVE5;A0A3Q1LPP7;A0A3Q1MKK7;F1MCA8,TMPO,10
0.211574025,0.012549343,0.356207607,n.s.,F1MT41,F1MT41,PTGFRN,23
0.625488619,0.194238058,1.096104387,n.s.,F1MTN1;J9ZW47;Q8MKD3,F1MTN1;J9ZW47,ITGB3,5
0.243159069,0.017714963,0.792164554,n.s.,F1MU08;A0A3Q1MVZ1;P18493;Q2KIU9,F1MU08;A0A3Q1MVZ1;P18493,PARP1,16
1,0.913077451,0.088244725,n.s.,F1MU12;P05786;CON__Q9H552,F1MU12;P05786,KRT8,37
0.882918836,0.430836005,0.214588913,n.s.,F1MU79;Q9TRY0,F1MU79;Q9TRY0,FKBP4,23
0.97488318,0.646473194,0.143089805,n.s.,F1MUI1;A5PJM9,F1MUI1;A5PJM9,TDRKH,27
1,0.816651833,-0.336832272,n.s.,F1MUP9,F1MUP9,VAT1,6
0.802567854,0.358052837,0.013887462,n.s.,F1MUZ9;P31081;Q3T179;Q7YSF0,F1MUZ9;P31081;Q3T179,HSPD1,80
0.948698527,0.565989195,0.115346345,n.s.,F1MW03,F1MW03,TSTD1,4
0.62918868,0.196092436,-0.441678207,n.s.,F1MWD3;Q3T115;A0A3Q1M719,F1MWD3;Q3T115,CCT5,30
0.989702733,0.69901301,0.244580492,n.s.,F1MWG1,F1MWG1,OGDHL,5
0.768554902,0.31697683,-1.015939937,n.s.,F1MWN1;A5D785,F1MWN1;A5D785,CSE1L,12
0.365910509,0.03897029,0.587287032,n.s.,F1MWR3;Q2KJE4,F1MWR3;Q2KJE4,ETFA,25
0.456711189,0.098539015,0.969309496,n.s.,F1MWY9;A0A3Q1LP28;Q3ZC57,F1MWY9;A0A3Q1LP28;Q3ZC57,ECI2,8
0.963696465,0.612393876,-0.683651775,n.s.,F1MX01,F1MX01,PNLDC1,4
0.93356511,0.514926047,-0.316345452,n.s.,F1MX69;Q3T014;E1B959,F1MX69;Q3T014;E1B959,BPGM,20
0.249295341,0.020145138,0.459459532,n.s.,F1MXI4;A4IF82,F1MXI4;A4IF82,MATR3,24
0.994134331,0.72196394,-0.086780998,n.s.,F1MXX0;A0A3Q1MFE4;A7E3V3;A0A3Q1LYI6;Q2NL19,F1MXX0;A0A3Q1MFE4;A7E3V3;A0A3Q1LYI6;Q2NL19,IMMT,37
0.211574025,0.012859871,1.87494723,n.s.,F1MXY8;P79110;A0A3Q1MTZ5,F1MXY8;P79110;A0A3Q1MTZ5,SLC25A1,5
4.66E-04,1.92E-06,0.590692354,n.s.,F1MY44;A0A3Q1MJD5;A0A3Q1MIF1;A0A3Q1M8F3,F1MY44;A0A3Q1MJD5;A0A3Q1MIF1,HNRNPM,59
0.690268308,0.237625178,0.188290351,n.s.,F1MYG0;Q3ZCF5;A0A6M4P9W5,F1MYG0;Q3ZCF5,OAT,33
0.43965743,0.075679243,0.905381704,n.s.,F1MYG5;Q3SZI2;Q862T1,F1MYG5;Q3SZI2,LMNA,27
1,1,0.325981074,n.s.,F1MZ00;A0A3Q1M6V4;A0A3Q1MM18;Q2KIS8,F1MZ00;A0A3Q1M6V4;A0A3Q1MM18;Q2KIS8,SNRPD3,6
0.05711653,9.20E-04,0.663591884,n.s.,F1MZ85;P81282;A0A3Q1M9P9;F1N6I5;F1MZ83,F1MZ85;P81282;A0A3Q1M9P9;F1N6I5;F1MZ83,VCAN,36
0.392786333,0.050639494,1.090209094,n.s.,F1MZP0;B1PK18;A0A3Q1MPG8,F1MZP0;B1PK18;A0A3Q1MPG8,GBE1,8
0.979051198,0.662565269,0.18065508,n.s.,F1N0E5;Q2T9X2,F1N0E5;Q2T9X2,CCT4,24
0.126621704,0.004664386,0.687038111,n.s.,F1N0J2;F1MAZ3;F1MAZ1;A0A3Q1MYL9;A0A3Q1M9W4;A0A3Q1LJL4;G3N2G7;P36225;A0A3Q1LSK2;A0A3Q1MP69;G3MY44;Q8MJX0;Q8MJX1;Q864S2,F1N0J2;F1MAZ3;F1MAZ1;A0A3Q1MYL9;A0A3Q1M9W4;A0A3Q1LJL4;G3N2G7;P36225;A0A3Q1LSK2;A0A3Q1MP69;G3MY44,MAP4,19
1,1,0.072737871,n.s.,F1N0W1;A0A3Q1LUD9,F1N0W1;A0A3Q1LUD9,DIAPH1,2
0.543871707,0.142065143,0.721215172,n.s.,F1N152;A0A452DI93,F1N152;A0A452DI93,HTRA1,6
0.999030269,0.731352877,-0.046175194,n.s.,F1N169;A0A3Q1M057;A0A3Q1LMA3;Q95LH5;Q8WMQ6;Q9TSA8;A0A3Q1LU35;E1BE25;A0A3Q1M304;A0A3Q1LV98,F1N169;A0A3Q1M057;A0A3Q1LMA3,FLNA,33
1,1,-0.054526032,n.s.,F1N1A9;P80746;A0A3Q1MXS2;J9ZXG5;A7YY42;Q8MKD4,F1N1A9;P80746;A0A3Q1MXS2;J9ZXG5;A7YY42,ITGAV,8
0.469352531,0.105762173,0.705835806,n.s.,F1N206,F1N206,DLD,20
0.357880287,0.036199638,1.511719642,n.s.,F1N2I5;Q3T141;A0A3Q1LGS8,F1N2I5;Q3T141,CMBL,7
1,1,2.97E-04,n.s.,F1N301;A0A3Q1LR67,F1N301;A0A3Q1LR67,RPL22,2
0.179538242,0.009258699,0.561264997,n.s.,F1N338;Q2KJC5;A0A3Q1LS03,F1N338;Q2KJC5;A0A3Q1LS03,HADH,12
1,0.742352576,-0.625915207,n.s.,F1N3P2;A1L548,F1N3P2;A1L548,USP5,13
0.395618236,0.051448111,0.319273452,n.s.,F1N3V0;A0A3Q1MWC7;B8Y898;B8YB77,F1N3V0;A0A3Q1MWC7;B8Y898;B8YB77,ME1,24
2.08E-04,4.67E-07,-0.561707306,n.s.,F1N404,F1N404,PADI6,83
0.989702733,0.685273147,0.466362093,n.s.,F1N443;A7YW45,F1N443;A7YW45,PRMT5,2
0.979051198,0.664083112,0.20841401,n.s.,F1N5H8;A0A3Q1LL06,F1N5H8;A0A3Q1LL06,DDX31,18
1,0.752552516,-0.208678011,n.s.,F1N632;A6QPY0;Q9TS10,F1N632;A6QPY0;Q9TS10,DDOST,6
1,0.787372126,0.275223221,n.s.,F1N6T3,F1N6T3,LSM7,4
0.907710658,0.465414581,0.320241844,n.s.,F1N6V9;Q58D35;Q148K8;P08165,F1N6V9;Q58D35;Q148K8;P08165,FDXR,14
0.159253042,0.007319927,2.234615979,n.s.,F1N719;Q0V8L5;Q0V8M3,F1N719;Q0V8L5;Q0V8M3,PPP5C,6
1,0.926912318,-0.163760153,n.s.,F1N7H7;Q0III3;A0A3Q1MY28;A0A3Q1MT80;A0JNN4;Q29RQ3;A0A3Q1LW29,F1N7H7;Q0III3;A0A3Q1MY28;A0A3Q1MT80,DYNC1I2,9
0.857237088,0.40701593,-0.584943699,n.s.,F1N7I5,F1N7I5,NUMA1,17
1,0.895871041,0.194192351,n.s.,F2Z4I6;Q2QJG7,F2Z4I6,H2AC21,13
1,0.960548972,0.102430745,n.s.,F2Z4J1,F2Z4J1,H2AC6,19
1,0.802470872,-0.030875886,n.s.,F6QH94;A6QNL5;A0A3Q1MRD2;Q0V8C4,F6QH94;A6QNL5;A0A3Q1MRD2,PDIA6,30
0.485839026,0.113638864,0.996053704,n.s.,F6QHI8;A4FV23;A0A3Q1MFA6;F1MMK3,F6QHI8;A4FV23,DDX21,4
0.997109559,0.727711124,0.192003511,n.s.,F6QQ60,F6QQ60,TPM4,19
1,1,0.143855161,n.s.,F6RBQ9;Q3ZBA4,F6RBQ9,RBM3,3
0.9457156,0.53711269,0.079768524,n.s.,F6S1Q0;A6H7D3;A1XEB2;A1XEA4;A1XEA5;CON__H-INV:HIT000015463;A1XEB3,F6S1Q0;A6H7D3,KRT18,26
0.43965743,0.083599164,-1.459532909,n.s.,G3MWG4;Q3SZJ1,G3MWG4;Q3SZJ1,IARS2,7
1,0.963050369,-0.198726667,n.s.,G3MWV5,G3MWV5,H1-4,33
0.731213047,0.268876547,-0.383547431,n.s.,G3MXK7,G3MXK7,-,18
0.857237088,0.407295927,0.800772578,n.s.,G3MXV0,G3MXV0,FKBP5,3
0.907710658,0.469435306,-0.471098717,n.s.,G3MYN4;Q2HJH2;A0A3Q1MWA3,G3MYN4;Q2HJH2;A0A3Q1MWA3,RAB1B,9
1,1,0.435923159,n.s.,G3MYS0,G3MYS0,-,7
0.380051708,0.044151649,-0.697400282,n.s.,G3MYV6;F1MZG0,G3MYV6;F1MZG0,NLRP13,30
0.625488619,0.192557382,0.364885395,n.s.,G3MZ71,G3MZ71,KRT2,17
0.708992659,0.252757472,0.88534662,n.s.,G3MZE2;A0A3Q1M0G8;A0A3Q1N0B9;E1B7J7;A0A3Q1LWQ5;A0A3Q1LNA9;A0A3Q1LSY0;Q08E52,G3MZE2;A0A3Q1M0G8,PAK2,9
1,1,0.082044386,n.s.,G3MZL8,G3MZL8,-,9
1,0.814409227,-0.132142369,n.s.,G3MZZ6;P15246;A0A452DIC6,G3MZZ6;P15246;A0A452DIC6,PCMT1,11
1,0.897433378,0.01746934,n.s.,G3N0K3;P79103;A2VE06;F1MJH2;G3N267;E1BGR7;A0A3Q1LQD0;Q2XW10,G3N0K3;P79103;A2VE06;F1MJH2;G3N267;E1BGR7,RPS4,12
0.456711189,0.10035358,0.779230369,n.s.,G3N0Q3,G3N0Q3,-,10
0.664091223,0.212339958,0.3985234,n.s.,G3N131,G3N131,H1-1,23
0.618973195,0.180418196,0.763029624,n.s.,G3N1U1,G3N1U1,CENPV,7
1,0.767506128,-0.00355106,n.s.,G3N2C1;B1GVY4,G3N2C1,LOC100301263,45
0.93294501,0.512614874,0.405544512,n.s.,G3N2L2;A4IF88,G3N2L2;A4IF88,RCN1,4
0.41444412,0.056020324,0.833085913,n.s.,G3N3D4,G3N3D4,KCTD12,4
0.43965743,0.080016627,-0.446490963,n.s.,G3N3W5;A0A3Q1MLV9;A0A3Q1MRD1;A0A3Q1LTM1;A0A3Q1MJD0;A0A3Q1MPU6,G3N3W5;A0A3Q1MLV9;A0A3Q1MRD1;A0A3Q1LTM1;A0A3Q1MJD0;A0A3Q1MPU6,NLRP2,32
0.380051708,0.04413621,0.688621506,n.s.,G3X6N3,G3X6N3,TF,34
1,0.912901437,-0.030546231,n.s.,G3X757;Q3ZBT1;A0A3Q1M0U9,G3X757;Q3ZBT1;A0A3Q1M0U9,VCP,62
0.9457156,0.537337582,-0.343893329,n.s.,G3X807;P62803;A0A3Q1MEZ8;A0A3Q1LM20;G3N081;E1BBP7;E1B9M9;E1B7N2;A0A3Q1LMV7;G3N2B8;A0A3Q1MH02;A0A3Q1MEY7;A0A3Q1MJQ1;A0A452DJ40;A0A3Q1MFY5;A0A452DJ35;A0A452DJJ1;A0A3Q1NHG3;A0A452DJB2;A0A3Q1N666;E1BLC2;A0A3Q1M8Q4;A5D792;G3MYX0,G3X807;P62803;A0A3Q1MEZ8;A0A3Q1LM20;G3N081;E1BBP7;E1B9M9;E1B7N2;A0A3Q1LMV7;G3N2B8;A0A3Q1MH02;A0A3Q1MEY7;A0A3Q1MJQ1;A0A452DJ40;A0A3Q1MFY5;A0A452DJ35;A0A452DJJ1;A0A3Q1NHG3;A0A452DJB2;A0A3Q1N666;E1BLC2;A0A3Q1M8Q4;A5D792;G3MYX0,H4C9,19
0.53225939,0.136645068,-0.477706288,n.s.,G5E531;Q32L40,G5E531;Q32L40,TCP1,22
0.43965743,0.079975171,0.879019582,n.s.,G5E5C8;Q2TBL6;Q58DR3,G5E5C8;Q2TBL6,TALDO1,11
0.948698527,0.572834272,0.377070159,n.s.,G5E5R3;O19094;Q32L71,G5E5R3;O19094;Q32L71,CROT,2
0.145970231,0.006296785,0.618444855,n.s.,G5E631;G3MWJ8;C0L633;D3IVZ3;D3IVZ2;A0A3Q1MR08;K0FH98;K0FD10;Q5W5U4;F1MYC6,G5E631;G3MWJ8;C0L633;D3IVZ3;D3IVZ2,DDX3X,22
1,1,0.103929019,n.s.,G5E6Q2,G5E6Q2,ZNF358,5
0.956709393,0.598479643,0.184942159,n.s.,G8JKV5,G8JKV5,RPL14,8
0.979051198,0.66477505,-0.173718613,n.s.,G8JKV7;A0A3Q1M7Y8;A0A5C0NSK4,G8JKV7;A0A3Q1M7Y8,PLOD1,13
0.753588298,0.288577114,-0.924516399,n.s.,I6XXP7;P20959;Q7YRW2,I6XXP7;P20959;Q7YRW2,IgFBp3,4
1,0.926433334,0.045049232,n.s.,L7R5X3;A5D989;A0A3Q1M9K4;A0A452DIM3;L7R4Y6,L7R5X3;A5D989;A0A3Q1M9K4;A0A452DIM3;L7R4Y6,eef1d,21
0.765827466,0.309936901,-0.877786359,n.s.,M5FJZ9;Q2TBI4;A0A3Q1MT00,M5FJZ9;Q2TBI4;A0A3Q1MT00,TRAP1,16
0.472920789,0.107947405,0.434327719,n.s.,O02675;A0A3Q1MQ68;A0A3Q1MFI5;A0A3Q1LXY5;E1BER6;A7MBI5,O02675;A0A3Q1MQ68;A0A3Q1MFI5,DPYSL2,29
1,1,0.035211835,n.s.,O02751;F1MS40,O02751;F1MS40,CFDP2,10
0.907710658,0.47201528,0.525624542,n.s.,O18738;A0A3Q1LQU4;F1N7D7;A0A3Q1MDA4,O18738;A0A3Q1LQU4;F1N7D7;A0A3Q1MDA4,DAG1,5
0.675600666,0.220679821,0.23778408,n.s.,O18789;M5FJW2;A0A452DIA7;A0A3Q1MAT9;A0A3Q1NLL5;A0A3Q1M656;A0A3Q1LT23;Q862M9;Q862E0;A0A3Q1MBL4,O18789;M5FJW2;A0A452DIA7;A0A3Q1MAT9;A0A3Q1NLL5;A0A3Q1M656,RPS2,11
0.948698527,0.5722636,-0.221277833,n.s.,O46375;A0A3Q1MRM2,O46375;A0A3Q1MRM2,TTR,12
0.753588298,0.29170625,-0.30158529,n.s.,O46629;A0A3Q1MH46;A5D9E7,O46629;A0A3Q1MH46;A5D9E7,HADHB,20
0.907710658,0.463374039,0.075268386,n.s.,O77834;A0A3Q1LKU1,O77834;A0A3Q1LKU1,PRDX6,20
0.967823646,0.628436568,0.074144363,n.s.,O97680,O97680,TXN,11
0.087889948,0.002463283,1.435066801,n.s.,O97764,O97764,CRYZ,4
1,1,0.002838095,n.s.,P00125;Q7YRA7,P00125;Q7YRA7,CYC1,6
0.763169776,0.305836942,0.561657214,n.s.,P00129;A0A3Q1LTJ5,P00129,UQCRB,5
0.994134331,0.716372836,0.311827249,n.s.,P00423;A0A3Q1M380,P00423;A0A3Q1M380,COX4I1,8
0.943512628,0.529878996,0.192152788,n.s.,P00426,P00426,COX5A,12
0.950711901,0.591530387,-0.265828631,n.s.,P00428;A0A3Q1MBD7,P00428;A0A3Q1MBD7,COX5B,5
0.677380182,0.222502683,0.343584726,n.s.,P00429;A0A3Q1N4F8;A0A3Q1MB49;F1N2E5;E1BAV7,P00429;A0A3Q1N4F8;A0A3Q1MB49;F1N2E5;E1BAV7,COX6B1,9
0.914525592,0.48588291,0.080994888,n.s.,P00435,P00435,GPX1,14
0.889941517,0.440979989,0.414820741,n.s.,P00442;F1MNQ4;Q861T4;Q9TS96;A0A411D3F5;A4URH1,P00442;F1MNQ4;Q861T4;Q9TS96,SOD1,8
1,0.778591823,0.194753114,n.s.,P01252,P01252,PTMA,3
1,0.844283597,-0.081818275,n.s.,P02253;A0A452DIF5,P02253;A0A452DIF5,H1-2,33
0.859753442,0.410155898,0.813167345,n.s.,P02313;G3MY00;A0A3Q1LU18;Q3ZBV4,P02313;G3MY00;A0A3Q1LU18;Q3ZBV4,HMGN2,2
0.907710658,0.462715373,0.613365418,n.s.,P02721;A0A452DJ42,P02721;A0A452DJ42,ATP5PF,4
0.756643236,0.300282181,0.420023841,n.s.,P04038;A0A3Q1LXK7;A0A3Q1M1C3;A0A3Q1N0B5,P04038;A0A3Q1LXK7;A0A3Q1M1C3;A0A3Q1N0B5,COX6C,4
0.404646207,0.053119469,1.014489966,n.s.,P04272,P04272,ANXA2,12
0.989702733,0.7042521,-0.409059352,n.s.,P05059;A0A140T879;A0A3Q1NDZ8,P05059;A0A140T879;A0A3Q1NDZ8,CHGA,8
0.97488318,0.649073509,-0.336997171,n.s.,P05630,P05630,ATP5F1D,4
1,0.76142421,-0.227243706,n.s.,P05631,P05631,ATP5F1C,12
0.380051708,0.043759562,2.745656488,n.s.,P05689;A0A3Q1M2V6,P05689,CTSZ,3
0.248152752,0.019195673,1.55390396,n.s.,P07107;A0A3Q1M8I0,P07107;A0A3Q1M8I0,DBI,8
0.967823646,0.632780993,0.231447305,n.s.,P07688;Q003W4,P07688;Q003W4,CTSB,6
1,1,0.058596253,n.s.,P07994;A0A1D8GT96,P07994;A0A1D8GT96,INHA,8
1,1,0.628459357,n.s.,P07995,P07995,INHBA,9
0.165635496,0.008170361,0.686703005,n.s.,P08166;A0A3Q1M447,P08166,AK2,18
1,1,-0.175568225,n.s.,P08814;A6QPM9;F1N7I3;A0A3Q1MEU1,P08814;A6QPM9;F1N7I3;A0A3Q1MEU1,PTMS,4
0.43965743,0.074867851,0.553809771,n.s.,P09867;F1MTY3;A0A3Q1N0D7;A0A3Q1MQM9;M5FMW1;A0A3Q1LR30;A0A3Q1ME36,P09867;F1MTY3;A0A3Q1N0D7,HNRNPA1,26
0.735444119,0.272905834,-0.447112275,n.s.,P0C0S9;A0A3Q1MF62;A0A3Q1MDK7;Q3ZBX9;A0A3Q1N7K2,P0C0S9;A0A3Q1MF62;A0A3Q1MDK7;Q3ZBX9;A0A3Q1N7K2,H2AC16; H2AC7; H2AC14; H2AC10; H2AC17,20
0.690268308,0.236975324,-0.30248331,n.s.,P10096;A0A3Q1M8J9;Q712W6;Q0QES8;Q862P5;Q862K5;O77679;Q4H0Z3;Q865L2;Q862K1;Q2QJG6;Q9XSN4,P10096;A0A3Q1M8J9;Q712W6;Q0QES8,GAPDH,44
1,0.817674848,0.062000995,n.s.,P10103;E1BMK2;A0A3Q1LQE8,P10103;E1BMK2,HMGB1,18
0.12008106,0.003910616,-0.988254409,n.s.,P10575;G8JKV3;E1B773,P10575;G8JKV3;E1B773,GLRX,10
0.449567689,0.092735936,-0.457475666,n.s.,P10790;C0LSL0;Q58DW1;A0A0U1WLT2;Q6VTH7;A0A0A0YT41,P10790;C0LSL0;Q58DW1,FABP3,10
1,1,-0.016640514,n.s.,P10881,P10881,SSB,3
0.449567689,0.091539085,1.066040263,n.s.,P11017,P11017,GNB2,6
0.727972727,0.263783716,0.684403511,n.s.,P11019;A0A3Q1NNP6;Q58DR7;Q32LB7,P11019;A0A3Q1NNP6,ATP6V1E1,7
0.975680683,0.653265554,-0.145226316,n.s.,P11024,P11024,NNT,17
0.428812191,0.069225286,0.940421979,n.s.,P11116;Q862G9;Q862F2,P11116;Q862G9,LGALS1,7
1,0.878591214,-0.107632733,n.s.,P11966;A0A3Q1MTX8,P11966;A0A3Q1MTX8,PDHB,10
1,0.927678644,-0.012843893,n.s.,P12234;A6QQ54,P12234,SLC25A3,6
0.472920789,0.108178918,0.882409907,n.s.,P12344;Q862Q8;Q862R2,P12344;Q862Q8;Q862R2,GOT2,9
0.853400195,0.398633526,0.433329512,n.s.,P12624,P12624,MARCKS,5
0.948698527,0.588534115,-0.742279562,n.s.,P13214;A1L514;A0A3Q1MHG7,P13214;A1L514;A0A3Q1MHG7,ANXA4,6
0.9457156,0.549211357,0.105708312,n.s.,P13620;Q1JP98,P13620;Q1JP98,ATP5PD,14
0.853400195,0.400868477,-0.086225651,n.s.,P13696;A0A3Q1LX99,P13696,PEBP1,24
0.875414066,0.424948756,0.29602025,n.s.,P15690,P15690,NDUFS1,9
1,0.921470785,0.223367312,n.s.,P17248,P17248,WARS1,5
1,0.761439019,-0.329638875,n.s.,P18246;A0A654IE56,P18246;A0A654IE56,GJA1,9
0.948698527,0.569880101,-0.216445834,n.s.,P19120;A0A3Q1LMS5;A0A3Q1M8L6;A8KC76;Q861V2,P19120;A0A3Q1LMS5;A0A3Q1M8L6,HSPA8,65
1,0.874739497,-0.161551491,n.s.,P19483;F1MLB8;A0A3Q1LZQ9,P19483;F1MLB8,ATP5F1A,41
0.365910509,0.038879518,-0.593923934,n.s.,P19803;Q58DT6;G3MW01;A0A452DJ82;Q7M2Q9,P19803;Q58DT6;G3MW01;A0A452DJ82;Q7M2Q9,ARHGDIA,7
1,0.779193663,-0.068877056,n.s.,P19858;A0A3Q1LY19;Q2KJG0;F1MK19;E1BNS9,P19858;A0A3Q1LY19,LDHA,25
0.604715314,0.172872651,0.559842923,n.s.,P20000;A0A3Q1LRC1;P52476;G5E5P4;G3X6U1,P20000,ALDH2,17
0.53225939,0.136136322,0.314262981,n.s.,P20004;A0A3Q1M6K6;Q1P9Q3,P20004;A0A3Q1M6K6;Q1P9Q3,ACO2,38
1,0.753622386,0.155823804,n.s.,P20456;A5D9H1,P20456;A5D9H1,IMPA1,9
0.690268308,0.239117609,0.514973034,n.s.,P20821;F1MBI9;E1BBV5;E1BEA7;E1BDC8;A0A3Q1NNL4,P20821;F1MBI9;E1BBV5;E1BEA7;E1BDC8;A0A3Q1NNL4,GCSH,5
0.51741682,0.125286238,-0.265335146,n.s.,P21327,P21327,INPP1,28
0.9274603,0.497002268,0.303762148,n.s.,P21856,P21856,GDI1,15
0.43965743,0.08299917,0.862058077,n.s.,P22292;A5D954,P22292,SLC25A11,3
1,0.81603184,-0.261537276,n.s.,P22439;A0A3Q1LKL1;A0A3Q1N235,P22439;A0A3Q1LKL1;A0A3Q1N235,PDHX,7
0.960767371,0.608557808,0.196731055,n.s.,P23004;A0A3Q1M7H9;A0A3Q1MCJ8,P23004;A0A3Q1M7H9;A0A3Q1MCJ8,UQCRC2,11
0.625488619,0.191758082,0.829185782,n.s.,P23709;F1MS25,P23709;F1MS25,NDUFS3,3
0.427549656,0.061203821,1.196889621,n.s.,P23934;A8YXY4,P23934;A8YXY4,NDUFS6,5
0.365910509,0.03799962,1.759218119,n.s.,P25708;A0A3Q1MG52,P25708;A0A3Q1MG52,NDUFV1,3
0.466463349,0.104588195,0.53073064,n.s.,P26882;P48820,P26882,PPID,8
0.625488619,0.19271922,0.603303768,n.s.,P26884,P26884,FKBP3,8
1,0.90328632,-0.145236719,n.s.,P31408;A0A3Q1LT17;P31407;A6QP02;Q7M3J5,P31408,ATP6V1B2,11
0.625488619,0.188712889,-0.217701818,n.s.,P31976;A0A3Q1LVC7,P31976;A0A3Q1LVC7,EZR,36
0.800200675,0.352348211,0.314029015,n.s.,P32007;A0A3Q1MP50;A0A3Q1LTX1;A0A3Q1ME66,P32007;A0A3Q1MP50;A0A3Q1LTX1,SLC25A6,17
0.800200675,0.3514973,-0.390885731,n.s.,P35705,P35705,PRDX3,12
0.992196546,0.708552914,-0.662528359,n.s.,P37359,P37359,MT3,3
1,0.803143898,-0.058462181,n.s.,P38657;A5D7E8,P38657;A5D7E8,PDIA3,72
0.948698527,0.588662681,-0.266051232,n.s.,P39872;B1H0W8;A0A3Q1LRW8;Q3SZ10;M5FKG6;F1N578;A0A3Q1MRZ1;A0A3Q1MHZ3;A1XEC9;Q862D2,P39872;B1H0W8;A0A3Q1LRW8,RPL3,12
0.907710658,0.466655333,0.461384235,n.s.,P40673;F1MF42,P40673;F1MF42,HMGB2,12
0.948336318,0.556161479,0.205207,n.s.,P41541,P41541,USO1,12
1,0.925590744,0.149681797,n.s.,P41976;E1BHL1,P41976;E1BHL1,SOD2,6
0.343822016,0.033919661,1.657444241,n.s.,P42029,P42029,NDUFA8,5
1,0.823620152,-0.172166201,n.s.,P42899,P42899,RPLP2,10
1,0.830719993,-0.079346575,n.s.,P45879;A0A3Q1MJQ7;A0A3Q1MS21,P45879;A0A3Q1MJQ7;A0A3Q1MS21,VDAC1,14
0.967823646,0.623019804,-0.168181247,n.s.,P46201;C4PU73,P46201;C4PU73,SERPINA14,29
0.80604164,0.36359937,0.020519972,n.s.,P48616;Q862F9;A6QQJ3;O62654;A0A3Q1MVU3;Q28115;A0A3Q1MHT3;Q862F7;CON__H-INV:HIT000292931;Q08DH7;O77788;F1MDZ2;P02548,P48616,VIM,108
0.081463826,0.002185992,-1.126081892,n.s.,P48644;E1BDG9,P48644,ALDH1A1,18
0.98244391,0.674053445,0.044693053,n.s.,P49410,P49410,TUFM,31
1,0.739667587,-0.039255234,n.s.,P49951;F1MPU0,P49951;F1MPU0,CLTC,50
0.427549656,0.061945427,0.25141639,n.s.,P52193;A5D7J6,P52193;A5D7J6,CALR,31
0.786182698,0.335802251,0.405170637,n.s.,P53619,P53619,ARCN1,12
0.451528747,0.093757086,0.440798546,n.s.,P53712;A0A452DIS2;A0A140T8D2,P53712;A0A452DIS2;A0A140T8D2,ITGB1,21
1,0.827642872,-0.076263409,n.s.,P55052,P55052,FABP5,18
0.126621704,0.004684435,0.717421845,n.s.,P56658,P56658,ADA,21
0.687241988,0.232676099,0.504548646,n.s.,P60712;Q862P9;Q9TTW4;Q2QJG3,P60712,ACTB,59
1,1,-5.42E-04,n.s.,P61157;F1N049;A0A3Q1MXB7;A0A3Q1LNX1;A0A3Q1M6N4;A0A3Q1N7M0;A0A3Q1LPZ0;F1N6J8,P61157;F1N049;A0A3Q1MXB7,ACTR3,13
0.380051708,0.043261615,0.646318291,n.s.,P61257;Q862N4;E1BCF5;G3MYC1,P61257;Q862N4;E1BCF5;G3MYC1,RPL26,11
1,1,-0.284634751,n.s.,P61282;A1XEA8,P61282;A1XEA8,NEDD8,2
0.756643236,0.299193046,0.699214746,n.s.,P61283;A0A3Q1ME94,P61283;A0A3Q1ME94,BANF1,6
0.780049824,0.331433726,0.427631371,n.s.,P61284;G3MZG7;Q862L6;F1MDX5;F1N3R2,P61284;G3MZG7;Q862L6,RPL12,6
0.943512628,0.52992069,-0.53630084,n.s.,P61286;A0A3Q1LVE7;Q862M1;A0A3Q1LUM7,P61286;A0A3Q1LVE7,PABPC1,20
0.907710658,0.456952837,-0.509158752,n.s.,P61356,P61356,RPL27,7
1,0.896251637,0.130833375,n.s.,P61585;Q1RMJ6,P61585;Q1RMJ6,RHOA,5
1,1,-0.191034728,n.s.,P61955;A0A3Q1M927;A0A3Q1M9G8;Q17QV3,P61955;A0A3Q1M927;A0A3Q1M9G8;Q17QV3,SUMO2,5
0.600510284,0.170941425,-0.722016589,n.s.,P62157;A0A3Q1MR28;A0A452DIM7;A0A452DJ55;A0A3Q1M6C6;A0A3Q1LSI9;Q148C2;G3MZK7,P62157;A0A3Q1MR28;A0A452DIM7;A0A452DJ55;A0A3Q1M6C6;A0A3Q1LSI9,CALM,6
0.38090472,0.046972555,0.954012991,n.s.,P62248,P62248,MYDGF,10
1,1,-0.201849991,n.s.,P62276;A0A3Q1M1W8;A0A3Q1LUH9;E1BNY4,P62276;A0A3Q1M1W8;A0A3Q1LUH9;E1BNY4,RPS29,6
1,0.842866178,0.059252355,n.s.,P62326;C1K3N7;G8JKY5;A0A3Q1MS48;A0A3Q1MJ46;Q6Y1E1;A0A3Q1LXR1;A0A0A0MPA1,P62326;C1K3N7;G8JKY5;A0A3Q1MS48;A0A3Q1MJ46,TMSB4,7
0.074899415,0.001679359,0.475797142,n.s.,P62808;E1BL10;G3MXT2,P62808,H2BC17; H2BC9; H2BC16; H2BC4; H2BC6; H2BC7; H2BC19,26
0.790232021,0.338417749,-0.698155811,n.s.,P62866;A0A3Q1MG78;Q56JV7;Q3SZG2,P62866;A0A3Q1MG78;Q56JV7;Q3SZG2,FAU,2
0.948698527,0.586491488,-0.147100311,n.s.,P62935;Q861V5;Q864S5;Q9N138;A0A411KUF8;G3X8B1;A0A3Q1M9Y7;A0A3Q1LSB7;A0A3Q1MEG6;A0A3Q1M6L4;G3MZS9;A4FV72,P62935;Q861V5;Q864S5;Q9N138,PPIA,26
0.687241988,0.229575675,0.052752939,n.s.,P62958;A0A3Q1MQJ9;A0A452DIE9;A1XEA3;A1XEC4;A1XEC3;A0A3Q1NC15,P62958;A0A3Q1MQJ9;A0A452DIE9;A1XEA3,HINT1,16
0.929629536,0.50274925,-0.092683515,n.s.,P62992;A0A3Q1MYD8,P62992;A0A3Q1MYD8,RPS27A,18
1,0.994252899,-0.013840399,n.s.,P63103;E1BDS9;A0A4D6DKI8,P63103,YWHAZ,24
0.907710658,0.47217236,-0.188318297,n.s.,P63258,P63258,ACTG1,59
0.5611792,0.150989919,-0.731662003,n.s.,P67808;A0A3Q1MU45;V9GZA0,P67808;A0A3Q1MU45,YBX1,9
1,0.871407008,-0.076216583,n.s.,P68002;A0A3Q1MAH7,P68002;A0A3Q1MAH7,VDAC2,16
0.427549656,0.062799372,0.969489996,n.s.,P68102,P68102,EIF2S1,2
0.337813782,0.032948205,-0.526475989,n.s.,P68103;O18787;E1B9F6;Q32PH8;Q862J5;Q862R6;E1BED8;A0A3Q1LJW9;Q862G2;Q862F6;A0A3Q1MPB9;Q862C3;A0A3Q1MQC0;A0A3Q1LP48;A0A3Q1LVN9,P68103;O18787;E1B9F6,EEF1A1,34
0.948698527,0.578554214,-0.435155041,n.s.,P68210;A0A140T869;A0A3Q1NE41;Q28055,P68210;A0A140T869,ENSA,6
0.80604164,0.363372628,0.466795447,n.s.,P68250;A0A140T894,P68250;A0A140T894,YWHAB,17
1,1,-0.039624928,n.s.,P68301;Q2KIX0,P68301;Q2KIX0,MT2A,7
1,1,-0.075512267,n.s.,P68399;A0A3Q1LSG3,P68399;A0A3Q1LSG3,CSNK2A1,4
0.727972727,0.264420587,0.474205801,n.s.,P68509,P68509,YWHAH,12
1,0.830640709,-0.199412194,n.s.,P79134;A0A3Q1M318;A0A3Q1N703;Q9TSA3;Q7M2V0,P79134;A0A3Q1M318;A0A3Q1N703,ANXA6,18
0.763169776,0.304642368,0.274496834,n.s.,P79251;Q2NKS1;Q0VCV6,P79251,ATP6V1G1,8
0.436275913,0.070919291,0.88689272,n.s.,P79345,P79345,NPC2,2
1,0.779434538,0.179974176,n.s.,P80177;A0A0F7RPX0;A0A3Q1MT60;Q6PVY3,P80177;A0A0F7RPX0;A0A3Q1MT60;Q6PVY3,MIF,8
0.768554902,0.3155109,0.533055147,n.s.,P80227;A0A3Q1M9W1,P80227;A0A3Q1M9W1,APEH,10
0.687241988,0.232479101,-0.536077627,n.s.,P80311;Q862P3;Q862J7;Q08E11,P80311,PPIB,17
0.890332095,0.442171657,0.367791575,n.s.,P80513,P80513,MANF,25
0.994134331,0.724425241,-4.68E-04,n.s.,P80724,P80724,BASP1,10
0.768554902,0.312816872,-0.615686317,n.s.,P81287;F6QVC9;A1L5B6;A0A3Q1MU33,P81287;F6QVC9;A1L5B6;A0A3Q1MU33,ANXA5,8
1,0.776938596,-0.304632411,n.s.,P81623,P81623,ERP29,8
0.451535274,0.096179038,-1.149495848,n.s.,P81947;A0A452DIK7;A0A452DIH7;P81948;A0A3Q1M1Z2;A0A3Q1LUJ2,P81947;A0A452DIK7;A0A452DIH7;P81948;A0A3Q1M1Z2;A0A3Q1LUJ2,TUBA1B,36
0.923170793,0.492633741,0.491217862,n.s.,P82908,P82908,MRPS36,9
0.080597797,0.001897482,0.575431404,n.s.,P84227;E1BGN3;A0A3Q1M588;A0A3Q1LMR9;G3N2P2;Q3SZB8,P84227;E1BGN3;A0A3Q1M588;A0A3Q1LMR9;G3N2P2,H3C13; H3C14,22
1,0.90974942,-0.101870768,n.s.,Q02399;A6QR30;G5E518;A0A3Q1LPF6;E1BB50;A0A3Q1MD82;A0A3Q1LN49;F1MN42;A3KMY7;Q32KY4;A0A3Q1M0U2;A0A3Q1LYF6;A0A3Q1NA94;A0A3Q1LLH8;Q5EAB2;E1BC36;E1BB52,Q02399,CDK5,19
1,0.942250577,0.27464697,n.s.,Q02827,Q02827,NDUFC2,2
0.753588298,0.289157108,-0.976659056,n.s.,Q04467,Q04467,IDH2,10
1,1,0.060845795,n.s.,Q05204,Q05204,LAMP1,5
0.912988056,0.4800352,0.469081219,n.s.,Q05588;A0A3Q1LZR0;Q9TVA9,Q05588;A0A3Q1LZR0;Q9TVA9,PLAUR,7
0.690268308,0.237217628,0.874875279,n.s.,Q05927;A0A3Q1MCG3,Q05927;A0A3Q1MCG3,NT5E,6
1,0.983550164,-0.093272193,n.s.,Q05B45,Q05B45,TMEM120A,3
1,1,0.074479433,n.s.,Q05B60,Q05B60,NUDT14,2
0.51741682,0.125293759,-0.472006006,n.s.,Q07130,Q07130,UGP2,14
0.768554902,0.317329479,0.155656609,n.s.,Q08DA1;A0A3Q1MFY4;F1MI32;A0A3Q1LUJ8;A0A3Q1MDM5;A0A3Q1N346;F1MR06;Q8HYW7;E1B8N5;F1N1K4;A0A3Q1M1C8;F1MXW4;Q8HYW6,Q08DA1;A0A3Q1MFY4;F1MI32;A0A3Q1LUJ8;A0A3Q1MDM5,ATP1A1,51
0.967823646,0.634242328,-0.029283063,n.s.,Q08DC0;Q8HZY1;Q9N1C4,Q08DC0;Q8HZY1;Q9N1C4,SERPINE2,15
0.145970231,0.006419936,1.900030738,n.s.,Q08DP0;A0A3Q1LRD1;A6QPB5;F1MJS4,Q08DP0;A0A3Q1LRD1,PGM1,3
0.211574025,0.01328284,0.944860137,n.s.,Q08DU9,Q08DU9,HP1BP3,15
0.981767397,0.671253348,0.191585802,n.s.,Q08E20;A0A3Q1MAU7,Q08E20;A0A3Q1MAU7,ESD,11
1,0.912093598,0.051977039,n.s.,Q08E32;Q2HJ35,Q08E32,CHMP4B,9
0.882392937,0.429325711,0.229582128,n.s.,Q08E34,Q08E34,TOMM70,13
0.989702733,0.701392986,-0.518276907,n.s.,Q08E38;A0A3Q1MKU5,Q08E38;A0A3Q1MKU5,PRPF19,10
1,1,-0.094280662,n.s.,Q09430,Q09430,PFN2,4
0.522287496,0.127058729,1.490800762,n.s.,Q0II26,Q0II26,AIMP2,2
0.9457156,0.546254537,-0.659647117,n.s.,Q0IIA3;A0A3Q1M7S5;F6QQY9,Q0IIA3;A0A3Q1M7S5;F6QQY9,SRI,5
0.768554902,0.319567405,0.395858047,n.s.,Q0IIJ2,Q0IIJ2,H1-0,11
0.989702733,0.6899731,0.360901618,n.s.,Q0IIK5;A7E3W7,Q0IIK5;A7E3W7,DDX1,12
0.613210332,0.177363526,0.264226265,n.s.,Q0IIM3,Q0IIM3,HSPH1,32
0.233107002,0.015679843,1.834910448,n.s.,Q0P592,Q0P592,FN3KRP,7
0.43965743,0.078379216,0.936168733,n.s.,Q0P5K3;A5D987;A0A3Q1MW26;A0A3Q1N9B4,Q0P5K3;A5D987;A0A3Q1MW26;A0A3Q1N9B4,UBE2N,4
0.957245437,0.600961261,0.19614291,n.s.,Q0V8E7;F1N4Q6;A0A3Q1M0A7;A0A3Q1LNE5;A0A3Q1MJ64,Q0V8E7;F1N4Q6;A0A3Q1M0A7;A0A3Q1LNE5;A0A3Q1MJ64,STRA6,9
0.2541031,0.022219778,1.279846115,n.s.,Q0VC36;A0A3Q1LR49,Q0VC36,SFN,8
0.624264416,0.182660328,-0.32412522,n.s.,Q0VC88;F1N085,Q0VC88;F1N085,PAPSS2,41
1,0.887771122,0.41830937,n.s.,Q0VCJ6;F1MCK6,Q0VCJ6;F1MCK6,ZBTB8A,2
1,0.852311477,-0.262196994,n.s.,Q0VCK0;A0A3Q1LXU9,Q0VCK0;A0A3Q1LXU9,ATIC,16
0.967823646,0.627851258,0.010662335,n.s.,Q0VCX2;Q6KDN8,Q0VCX2,HSPA5,82
0.449567689,0.092099079,1.399840134,n.s.,Q0VCY7;A0A3Q1MVT2,Q0VCY7;A0A3Q1MVT2,SRSF1,5
0.914525592,0.48699513,-0.68354016,n.s.,Q0VCZ7;A0A3S5ZP82;A0A3Q1M4D8,Q0VCZ7;A0A3S5ZP82,LAD1,3
0.948698527,0.566366997,-0.17080486,n.s.,Q0Z7W6;A0A3Q1M2J9,Q0Z7W6;A0A3Q1M2J9,TMX1,10
0.975680683,0.653133626,0.050034409,n.s.,Q148C9;A0A3Q1MAC3;G5E6G2,Q148C9;A0A3Q1MAC3;G5E6G2,HEBP1,12
0.625488619,0.193564363,0.115111136,n.s.,Q148D3;A0A3Q1MSL5;A0A3Q1LY08,Q148D3;A0A3Q1MSL5;A0A3Q1LY08,FH,25
1,0.845197431,0.171934168,n.s.,Q148F1,Q148F1,CFL2,13
0.113240275,0.003300725,1.392017159,n.s.,Q148K7;A0A3Q1MD85,Q148K7;A0A3Q1MD85,LRPAP1,17
1,0.769289388,-0.142066051,n.s.,Q148N0;A0A3Q1MVL5;A0A3Q1NKS6;A8KC82,Q148N0;A0A3Q1MVL5;A0A3Q1NKS6;A8KC82,OGDH,20
0.53225939,0.136138639,-1.316961643,n.s.,Q17Q89,Q17Q89,PFDN6,7
1,0.747138483,0.198165927,n.s.,Q17QC0;A0A3Q1NIK5;G5E5M5;A0A7T0BQ94,Q17QC0;A0A3Q1NIK5;G5E5M5,PGRMC1,12
1,0.83292598,0.081576823,n.s.,Q17QG2,Q17QG2,NUDC,6
1,1,0.159957896,n.s.,Q17QH0;P55943;P55942;Q2NKV6;F6PXS5;A0A3Q1M9T6;A0A3Q1M6T1,Q17QH0;P55943;P55942;Q2NKV6;F6PXS5;A0A3Q1M9T6,MT1E,5
1,0.837378549,0.056698282,n.s.,Q17QI3;A0A3Q1MUM9;Q1JPB6,Q17QI3;A0A3Q1MUM9;Q1JPB6,ACAT2,15
0.9457156,0.534794652,0.665024438,n.s.,Q17R07;A0A3Q1M1H7,Q17R07;A0A3Q1M1H7,ARFGAP3,14
1,0.85795142,0.160934093,n.s.,Q1JP95;Q3SZ81;F1MWE0,Q1JP95;Q3SZ81;F1MWE0,PSMC3,11
0.773448011,0.323599952,-0.341717535,n.s.,Q1JPA2;Q3SZV3;F1MG05;Q862P6;Q862P4;Q862B9;Q862H1,Q1JPA2;Q3SZV3;F1MG05,EEF1G,25
0.249295341,0.021261685,-0.424058515,n.s.,Q1JQD0;Q9N0M1;Q8WN15,Q1JQD0;Q9N0M1,HSD17B1,26
1,1,-0.11311078,n.s.,Q1KZG4;B6YY28;Q4KTA6,Q1KZG4;B6YY28,FHIT,3
0.777168669,0.327655697,0.427638337,n.s.,Q1LZA3;A1L588,Q1LZA3;A1L588,ASNS,8
0.967823646,0.627624529,-0.180754784,n.s.,Q1LZH9;F1MXZ0,Q1LZH9;F1MXZ0,GNS,8
0.986884985,0.679313207,0.388771918,n.s.,Q1RMH8,Q1RMH8,SNX3,2
0.756402884,0.296794854,0.245956675,n.s.,Q1RMR3;A0A3Q1MR68;A0A3Q1LU90,Q1RMR3;A0A3Q1MR68;A0A3Q1LU90,CTTN,23
0.948698527,0.567290614,0.09801511,n.s.,Q1RMU4;F1MU96;A5D9F3;A0A3Q1MLM7,Q1RMU4,ERLIN2,17
1,0.934376319,-0.05905214,n.s.,Q24JY6;A0A3Q1MGM1,Q24JY6;A0A3Q1MGM1,TMEM160,6
1,0.893699377,-0.060081029,n.s.,Q27975;Q27965;A0A5A4UBP5;A0A5A4U8C3;A0A5A4U7U6;A0A5A4UAK7;A7LN90,Q27975;Q27965;A0A5A4UBP5;A0A5A4U8C3;A0A5A4U7U6;A0A5A4UAK7,HSPA1A,46
0.802567854,0.356629673,0.286596518,n.s.,Q28141,Q28141,DHX9,33
1,1,-0.206192056,n.s.,Q28194,Q28194,-,11
1,1,-0.246860938,n.s.,Q28851;A0A3Q1ML66;A0A3Q1N4G2,Q28851;A0A3Q1ML66,ATP5MF,3
0.43965743,0.080605943,-1.050714053,n.s.,Q288C4;F1MKL3,Q288C4;F1MKL3,NLRP9,15
0.427549656,0.064379356,-1.087147532,n.s.,Q29460,Q29460,PAFAH1B3,4
0.999030269,0.730368746,0.192037733,n.s.,Q29RK1;Q8WMY1;Q0QEK4;A0A3Q1MQU2,Q29RK1,CS,8
0.472920789,0.108239312,0.980667661,n.s.,Q29RK2;A0A3Q1MIX4;A0A3Q1MIC2;Q861T5;Q861T0,Q29RK2;A0A3Q1MIX4;A0A3Q1MIC2,PC,25
1,0.743186391,0.061525623,n.s.,Q29RQ2;A0A3Q1NM39;A0A3Q1MK54;A0A3Q1MI44;A0A3Q1MA34;E1BP48,Q29RQ2,KHDRBS1,11
0.625488619,0.193478065,-0.93567513,n.s.,Q29RS5;B9VR25,Q29RS5;B9VR25,RARRES2,2
1,0.852747651,-0.054697642,n.s.,Q29RZ0,Q29RZ0,ACAT1,26
0.9457156,0.539867966,0.301758235,n.s.,Q29S11;A0A3Q1LNZ3,Q29S11;A0A3Q1LNZ3,NUCKS1,4
1,0.819771802,-0.170990005,n.s.,Q2HJ33;Q0V8F2;A0A3Q1LZU5,Q2HJ33,OLA1,3
1,0.905943744,-0.013870628,n.s.,Q2HJ49,Q2HJ49,MSN,25
0.445072791,0.086619134,-1.03772285,n.s.,Q2HJ58;F1MBV2;G3MY14;A6QQ58,Q2HJ58;F1MBV2,PRPS1,3
0.733865389,0.271412769,-0.241716131,n.s.,Q2HJ97;A0A3Q1LRZ4;A0A3Q1MKK4,Q2HJ97;A0A3Q1LRZ4;A0A3Q1MKK4,PHB2,16
0.576629581,0.157732755,-0.396007795,n.s.,Q2HJD7;A0A3Q1N443,Q2HJD7;A0A3Q1N443,HIBADH,10
0.733865389,0.271497285,-0.706577622,n.s.,Q2HJG5,Q2HJG5,VPS35,2
0.145970231,0.006199938,1.871082722,n.s.,Q2HJH4;F1N2T0;A4IF81;A0A3Q1NLI5,Q2HJH4;F1N2T0;A4IF81;A0A3Q1NLI5,HNRPDL,13
1,0.85331851,-4.96E-04,n.s.,Q2HJH9,Q2HJH9,PDCD5,9
0.658486227,0.207437926,0.578327214,n.s.,Q2HJI9;A0A3Q1LNF8;A0A3Q1MWJ8;F6QPP1,Q2HJI9;A0A3Q1LNF8;A0A3Q1MWJ8;F6QPP1,RBX1,3
0.427549656,0.066647538,0.486328335,n.s.,Q2KHT7;A0A3Q1MP79;A0A452DJI3;E1B7A8;A0A3Q1LX62;A0A3Q1LS99;A0A3Q1N4Y1,Q2KHT7;A0A3Q1MP79;A0A452DJI3,RPS27,8
1,0.777221306,0.096039226,n.s.,Q2KHU0,Q2KHU0,PSPH,6
1,0.92395076,0.273584661,n.s.,Q2KI00;F1MTK7;A0A3Q1LT30,Q2KI00;F1MTK7;A0A3Q1LT30,FAM107B,2
1,1,-0.247120415,n.s.,Q2KIA8;Q04173;A0A3Q1M477;F6RPT3,Q2KIA8;Q04173;A0A3Q1M477;F6RPT3,RAP1GDS1,2
1,1,-0.131283121,n.s.,Q2KIB0;F1MLX0,Q2KIB0;F1MLX0,FAHD2,2
1,0.889115975,-0.130771452,n.s.,Q2KIF8;A0A3Q1NB71;F1MLA9;A0A3Q1N380,Q2KIF8;A0A3Q1NB71;F1MLA9;A0A3Q1N380,CARS2,11
0.687241988,0.227857721,0.785860902,n.s.,Q2KII4;A0A3Q1LXT1,Q2KII4,ELOC,7
1,0.893165915,0.027543848,n.s.,Q2KII9,Q2KII9,DYNC1LI1,12
0.753588298,0.294636263,-0.252963939,n.s.,Q2KIK0;A0A452DHZ1;A0A3Q1LWL8,Q2KIK0;A0A452DHZ1;A0A3Q1LWL8,SUGT1,33
1,1,-0.137311519,n.s.,Q2KIL3;Q58DK5;Q7M315,Q2KIL3;Q58DK5,ALAD,5
1,1,0.122402766,n.s.,Q2KIQ1;F1MS56;A0A3Q1LP83,Q2KIQ1;F1MS56;A0A3Q1LP83,PGM3,5
1,0.753112469,0.41988097,n.s.,Q2KIT8;A0A3S5ZPJ7;A0A3Q1M2A1,Q2KIT8;A0A3S5ZPJ7;A0A3Q1M2A1,TSTA3,2
0.380051708,0.045973485,-0.396871064,n.s.,Q2KIV8;A0A3Q1LSN6;F1MUX5;A0A3Q1NG91;Q9N0V4;F6Q751;E1BH17;A4IFG0;A0A3Q1MQV0;A0A3Q1LFR2;A5PKM0;A0A4Y5RYA9;A1A4L7;A0A3Q1MJD4;A0A3Q1LY34,Q2KIV8;A0A3Q1LSN6,GSTM3,40
1,0.738572614,0.305441296,n.s.,Q2KJ17;A0A3Q1MHI5,Q2KJ17;A0A3Q1MHI5,G3BP2,4
0.97488318,0.649193508,-0.960138874,n.s.,Q2KJ41;A0A3Q1LGC6;F6R3W5;A0A3Q1MTK7;A0A3Q1MFT3;A0A3Q1MHM8,Q2KJ41;A0A3Q1LGC6;F6R3W5;A0A3Q1MTK7;A0A3Q1MFT3;A0A3Q1MHM8,TSPAN14,2
0.796235765,0.342099963,0.454532704,n.s.,Q2KJ42;G3N361;A0A3Q1MRN8;A0A3Q1LXP0,Q2KJ42;G3N361,NONO,27
0.427549656,0.064059359,1.582803594,n.s.,Q2KJ44;A0A3Q1LL25,Q2KJ44;A0A3Q1LL25,PTPA,5
0.664091223,0.213496709,0.63678399,n.s.,Q2KJA1,Q2KJA1,SH3GL1,5
0.859753442,0.411563587,-0.28593817,n.s.,Q2KJD0;A0A3Q1LNI7,Q2KJD0,TUBB5,33
0.625488619,0.190115715,0.464870264,n.s.,Q2KJD2;P63026;Q0V7N0;A0A3Q1LYV3,Q2KJD2,VAMP3,5
0.882918836,0.433359674,0.405239944,n.s.,Q2KJH4;F1MTP5,Q2KJH4;F1MTP5,WDR1,17
1,0.890236866,0.091812627,n.s.,Q2KJH6,Q2KJH6,SERPINH1,33
1,1,-0.231181437,n.s.,Q2KJH7,Q2KJH7,ALDH18A1,18
0.594086384,0.163839967,0.523050894,n.s.,Q2NKT5;A0A3Q1N8S2,Q2NKT5;A0A3Q1N8S2,SEC61B,6
0.843470213,0.391476085,0.641967758,n.s.,Q2NKY7,Q2NKY7,SEPTIN2,7
0.9457156,0.54196759,-0.264877428,n.s.,Q2NKZ1;A0A3Q1MUU9,Q2NKZ1;A0A3Q1MUU9,CCT7,20
0.994134331,0.722832772,0.37024257,n.s.,Q2NL04,Q2NL04,TAPBP,2
0.287325297,0.027057539,0.738692682,n.s.,Q2NL22;Q9XT93;A0A3Q1M8I1,Q2NL22,EIF4A3,8
0.738022169,0.275517245,-0.585036952,n.s.,Q2NL26,Q2NL26,TKTL1,5
0.948698527,0.580639395,0.296399468,n.s.,Q2NL38;F1MTT7,Q2NL38;F1MTT7,DCI,6
0.882918836,0.434530683,0.203412479,n.s.,Q2T9P4;A0A3Q1M5Q7;A0A3Q1M1D3;A5D969;F6QS28,Q2T9P4;A0A3Q1M5Q7;A0A3Q1M1D3;A5D969;F6QS28,NASP,23
1,1,0.334660765,n.s.,Q2T9S0,Q2T9S0,TUBB3,20
0.948698527,0.580103378,0.111654149,n.s.,Q2TA06,Q2TA06,AURKA,14
1,0.820067521,-0.085473854,n.s.,Q2TA29;F2Z4D5;Q3MHP2;A0A452DHW3;A0A3Q1LV61;A0A3Q1M2F8;A0A3Q1M374;A0A3Q1M6P5,Q2TA29;F2Z4D5;Q3MHP2;A0A452DHW3,RAB11A,9
1,0.946875426,0.029587931,n.s.,Q2TBG8;A0A452DK30;A0A3Q1N522,Q2TBG8;A0A452DK30;A0A3Q1N522,UCHL3,10
1,0.945470545,0.283925584,n.s.,Q2TBP7;A0A452DJ80,Q2TBP7;A0A452DJ80,MYCBP,4
0.907710658,0.469959257,0.14021708,n.s.,Q2TBQ5,Q2TBQ5,RPL7A,17
1,1,-0.021118559,n.s.,Q2TBR3;A0A3Q1MQB1;F1N7I0,Q2TBR3;A0A3Q1MQB1,SET,5
0.382029333,0.047539525,1.344196546,n.s.,Q2TBR4;Q5EA46;F1N3P8,Q2TBR4;Q5EA46;F1N3P8,CRELD1,10
1,0.866529234,-0.153275232,n.s.,Q2TBV3;A0A452DIY9;A0A3Q1LKJ8,Q2TBV3;A0A452DIY9;A0A3Q1LKJ8,ETFB,15
0.380051708,0.04550178,0.770134329,n.s.,Q2TBX1;E1BEF1,Q2TBX1;E1BEF1,CIP29,18
1,1,-0.110596791,n.s.,Q2TBX5;A0A3Q1LSB2,Q2TBX5;A0A3Q1LSB2,SSR4,5
0.907710658,0.459239671,0.345851178,n.s.,Q2YDE4,Q2YDE4,PSMA6,13
1,1,-0.32747486,n.s.,Q2YDJ9;F1N7H5,Q2YDJ9;F1N7H5,GMPPB,2
0.618973195,0.179858201,0.997303081,n.s.,Q32KL2,Q32KL2,PSMB5,4
1,0.750803771,0.033989936,n.s.,Q32KP9,Q32KP9,NUTF2,5
1,1,-0.021753696,n.s.,Q32KV6,Q32KV6,SIL1,7
1,0.872631274,0.250284453,n.s.,Q32KX0;F1N6A0;A0A3Q1M2I1,Q32KX0;F1N6A0;A0A3Q1M2I1,ISOC2,2
0.994134331,0.717772822,0.46759834,n.s.,Q32KX8;M5FHQ6,Q32KX8;M5FHQ6,METTL26,3
0.979051198,0.659355211,0.070729819,n.s.,Q32L92;A0A3Q1LNX9,Q32L92;A0A3Q1LNX9,CNN3,19
0.625488619,0.189512417,-0.482085712,n.s.,Q32LC3;Q56JW9;O62741;C0KTL1;B7TCI0,Q32LC3;Q56JW9,EIF1AX,8
0.805590835,0.360348367,-0.374878052,n.s.,Q32LE5,Q32LE5,ASRGL1,17
0.145970231,0.00654575,0.420317069,n.s.,Q32LG3;A0A3Q1LTB0;Q0QF29;Q58DR9,Q32LG3;A0A3Q1LTB0;Q0QF29,MDH2,42
0.994134331,0.723013225,0.234701009,n.s.,Q32LG7;A7LCW9;M5FHM4;E1B7G3,Q32LG7;A7LCW9;M5FHM4;E1B7G3,LOC504565,19
0.948698527,0.58203418,-0.431575211,n.s.,Q32PA9;G1K1P8;A0A3Q1M300;A0A3Q1MK58,Q32PA9;G1K1P8;A0A3Q1M300,FKBP2,4
0.687241988,0.231062704,0.362418678,n.s.,Q32PB8;F1MUM6,Q32PB8,RPS21,15
0.957222914,0.599874001,0.366412711,n.s.,Q32PB9,Q32PB9,RPL38,2
1,0.831251523,-0.161835794,n.s.,Q32PD5;A0A3Q1M6V0;E1BHA5;A0A3Q1MEE4,Q32PD5;A0A3Q1M6V0;E1BHA5,RPS19,13
0.765827466,0.309078509,0.476465888,n.s.,Q32PF3;A0A452DIL1,Q32PF3;A0A452DIL1,PCNP,7
0.82276387,0.378176218,0.628863871,n.s.,Q3B7L6;F1MXY9;A0A3Q1MQP8;A7MB38,Q3B7L6;F1MXY9,SRSF6,9
0.43965743,0.083319167,0.984626781,n.s.,Q3B7M2;M5FMT6;A0A3Q1ND53,Q3B7M2;M5FMT6;A0A3Q1ND53,HAGH,4
0.211574025,0.013419866,1.501634263,n.s.,Q3B8S0,Q3B8S0,SNU13,7
0.43965743,0.08203918,1.008949797,n.s.,Q3MHH4,Q3MHH4,QARS1,3
0.52862635,0.129398706,0.801876253,n.s.,Q3MHJ8;A0A3Q1MNK3,Q3MHJ8;A0A3Q1MNK3,STMN2,5
1,0.964937319,-0.017076815,n.s.,Q3MHL4;A0A3Q1LW27;A0A3Q1M2N8,Q3MHL4;A0A3Q1LW27,AHCY,26
0.948698527,0.56799432,0.393519514,n.s.,Q3MHL6,Q3MHL6,TSC22D1,3
1,0.893789598,-0.137768563,n.s.,Q3MHL7;F1MGX0;Q3T084;F1MP48;Q17QX5;F1MQ35,Q3MHL7;F1MGX0,CCT6A,20
0.081463826,0.002191852,-0.48791582,n.s.,Q3MHM5;Q3ZBU7,Q3MHM5;Q3ZBU7,TUBB4B,35
1,0.792832072,-0.333952603,n.s.,Q3MHM6;F1MM34;A0A3Q1M0V1;A0A3Q1MLR1;A0A3Q1M9M0;G3N2U8,Q3MHM6;F1MM34;A0A3Q1M0V1;A0A3Q1MLR1;A0A3Q1M9M0,CTNNA1,12
0.699037835,0.246197538,0.754494007,n.s.,Q3MHM7;A0A3Q1M4X0;A0A3Q1M9I9;E1BFM3,Q3MHM7;A0A3Q1M4X0;A0A3Q1M9I9;E1BFM3,RPL35,4
0.882918836,0.43295567,0.390055414,n.s.,Q3MHN0,Q3MHN0,PSMB6,5
0.948698527,0.575191129,0.150219939,n.s.,Q3MHR7,Q3MHR7,ARPC2,5
0.9457156,0.54497455,-0.449238425,n.s.,Q3MHX5;A5D9G3,Q3MHX5;A5D9G3,SUCLG2,11
0.53225939,0.13597864,1.158757422,n.s.,Q3MHY1,Q3MHY1,CSRP1,3
0.756643236,0.299878331,0.327817176,n.s.,Q3MI02;P31800;G1K1X0,Q3MI02;P31800;G1K1X0,UQCRC1,18
0.662594929,0.210217898,0.883688802,n.s.,Q3SWX1,Q3SWX1,CNPY4,8
0.812601868,0.371683365,0.189628125,n.s.,Q3SWX4;A0A3Q1MMZ5,Q3SWX4,NIPSNAP2,9
0.768554902,0.319656803,0.530531833,n.s.,Q3SX36;A0A3Q1LS09;G3N0F2,Q3SX36;A0A3Q1LS09,TFG,3
0.380051708,0.046015229,0.78433574,n.s.,Q3SX47;A0A3Q1M2E6,Q3SX47,HNRPC,13
0.9457156,0.553434466,0.363912649,n.s.,Q3SYS6;A0A3Q1LSU5,Q3SYS6;A0A3Q1LSU5,CHP1,2
0.989702733,0.697904116,-0.097105553,n.s.,Q3SYT8;A5D9D3;A0A3S5ZP34;A0A3Q1M7U0;A0A3Q1MQF2;A0A3Q1MEI8,Q3SYT8;A5D9D3;A0A3S5ZP34;A0A3Q1M7U0;A0A3Q1MQF2;A0A3Q1MEI8,POR,17
1,0.807760489,-0.023621648,n.s.,Q3SYU2;A0A3Q1MM86,Q3SYU2,EEF2,53
0.859753442,0.410850755,0.185043464,n.s.,Q3SYV4;A6QLB7;A0A3Q1LJQ7,Q3SYV4;A6QLB7;A0A3Q1LJQ7,CAP1,15
0.714388887,0.255657443,1.027003994,n.s.,Q3SYW9;A0A452DJ60;A0A3Q1MEN6,Q3SYW9;A0A452DJ60;A0A3Q1MEN6,CHTOP,4
0.993662484,0.712941693,0.143536756,n.s.,Q3SYX9;G3MXC8,Q3SYX9;G3MXC8,ARPC5,3
0.875414066,0.421735783,0.636901369,n.s.,Q3SYZ4;F1MTX7;A0A3Q1LXT8,Q3SYZ4;F1MTX7;A0A3Q1LXT8,DARS1,6
0.753588298,0.288827078,-0.168571739,n.s.,Q3SZ00;A0A3Q1NDR1;O62831;O62828,Q3SZ00;A0A3Q1NDR1;O62831;O62828,HADHA,29
1,0.952288167,0.088380971,n.s.,Q3SZ20;Q5E9P9;A0A140T896,Q3SZ20,SHMT2,26
0.554219161,0.14752216,0.660035793,n.s.,Q3SZ32;E1BJ20;A0A3Q1MNT3;E1BF97,Q3SZ32;E1BJ20,TCEB2,6
1,0.871351286,-0.515001177,n.s.,Q3SZ37;F1MZV2,Q3SZ37;F1MZV2,CHMP5,5
1,0.960730393,0.512183056,n.s.,Q3SZ52,Q3SZ52,UBE2V1,3
0.427549656,0.06536511,-0.470604535,n.s.,Q3SZ54,Q3SZ54,EIF4A1,17
0.419176767,0.058569509,0.353516895,n.s.,Q3SZ62;Q862Q0;Q32KV0;F1N2F2;A0A3Q1MLW8,Q3SZ62,PGAM1,28
0.808108766,0.367176328,0.668151187,n.s.,Q3SZ65;A0A3Q1M0L3,Q3SZ65;A0A3Q1M0L3,EIF4A2,14
0.993662484,0.71195288,0.245744652,n.s.,Q3SZ73;A0A3Q1MC90;A0A3Q1N0A8,Q3SZ73;A0A3Q1MC90;A0A3Q1N0A8,ABHD11,4
1,1,-0.031335206,n.s.,Q3SZ85,Q3SZ85,PTRHD1,4
1,0.824311757,-0.469796867,n.s.,Q3SZ90;Q7M2Y2;A0A3Q1MLJ9,Q3SZ90;Q7M2Y2;A0A3Q1MLJ9,RPL13A,4
1,1,-0.011056083,n.s.,Q3SZA0,Q3SZA0,COPS4,3
0.687241988,0.230754163,0.405228038,n.s.,Q3SZC0;A0A3Q1M4Z0;A0A3Q1MJM9,Q3SZC0;A0A3Q1M4Z0;A0A3Q1MJM9,ERH,6
0.940939373,0.52426779,0.429284375,n.s.,Q3SZC1;A0A3Q1NDT7,Q3SZC1;A0A3Q1NDT7,GRPEL1,9
0.808108766,0.367816322,-0.728550816,n.s.,Q3SZC4,Q3SZC4,NSFL1C,10
0.967823646,0.627483887,-0.20886279,n.s.,Q3SZE2,Q3SZE2,PFDN1,11
1,1,0.029368285,n.s.,Q3SZF2;A0A3Q1MQE0;A0A3Q1LV05,Q3SZF2;A0A3Q1MQE0;A0A3Q1LV05,ARF4,6
0.537809105,0.139878601,1.096201931,n.s.,Q3SZF8,Q3SZF8,SNRPD2,7
0.80604164,0.364667467,0.279718699,n.s.,Q3SZI4;B0JYM5;A0A3Q1MQS3,Q3SZI4;B0JYM5;A0A3Q1MQS3,YWHAQ,15
1,0.905304521,0.148592893,n.s.,Q3SZJ7;A0A3Q1MTN6;G3MXJ5;A0A3Q1N8P4,Q3SZJ7;A0A3Q1MTN6;G3MXJ5;A0A3Q1N8P4,LAMP2,6
0.233107002,0.015619844,2.185587296,n.s.,Q3SZN4,Q3SZN4,CIRBP,2
0.9457156,0.542405955,-0.135958251,n.s.,Q3SZN8;H9GW43,Q3SZN8;H9GW43,RNH1,17
0.768554902,0.317196828,0.979076579,n.s.,Q3SZQ6,Q3SZQ6,RPL32,2
0.940939373,0.523854761,-0.483586529,n.s.,Q3SZU0;A0A3Q1MEW9,Q3SZU0;A0A3Q1MEW9,GTSF1,6
0.882918836,0.433795662,0.647183007,n.s.,Q3SZZ9;F1MGU7;A0A3Q1MV91;A0A3Q1N064;P12799,Q3SZZ9;F1MGU7;A0A3Q1MV91;A0A3Q1N064;P12799,FGG,19
1,0.965836052,-0.003376405,n.s.,Q3T003;Q862R3;A0A3Q1LSY6;F1MHJ6,Q3T003;Q862R3,RPL18A,7
1,1,0.034192446,n.s.,Q3T035;A0A3Q1MQH2,Q3T035;A0A3Q1MQH2,ARPC3,5
0.404646207,0.053529431,-0.611200617,n.s.,Q3T054;B0JYN2;G5E619;G3MZP2;A0A3Q1M6P9,Q3T054;B0JYN2;G5E619;G3MZP2,RAN,13
0.989702733,0.70331899,0.114419868,n.s.,Q3T083;A0A3Q1MA40,Q3T083;A0A3Q1MA40,SDF2L1,6
0.9457156,0.544354556,-0.472769879,n.s.,Q3T087;A0A3Q1N8F8;A0A452DIZ2,Q3T087;A0A3Q1N8F8;A0A452DIZ2,RPL11,7
0.907710658,0.462083143,0.303458657,n.s.,Q3T0C7;A0A3Q1MR92;A0A3Q1MCE8;F1N1C2;A0A3Q1LQB9;A0A3Q1LQQ1,Q3T0C7;A0A3Q1MR92;A0A3Q1MCE8,STMN1,16
0.449567689,0.091536753,0.372213581,n.s.,Q3T0D0;A0A3Q1N9S5;A0A3Q1MCI0;A0A3Q1NEH2,Q3T0D0;A0A3Q1N9S5,HNRNPK,32
0.979051198,0.661117642,-0.124183379,n.s.,Q3T0E0,Q3T0E0,ATOX1,11
0.286536009,0.026593578,0.684022107,n.s.,Q3T0E5;A0A452DHZ7,Q3T0E5;A0A452DHZ7,APMAP,20
0.59781301,0.168621945,0.512105345,n.s.,Q3T0F4,Q3T0F4,RPS10,6
0.562765281,0.152605338,-0.801267624,n.s.,Q3T0F7;Q6Y1E0,Q3T0F7,MTPN,4
1,0.869929096,-0.073273853,n.s.,Q3T0I4,Q3T0I4,ALYREF,8
0.948698527,0.565558935,0.092428858,n.s.,Q3T0K2;Q58DJ8,Q3T0K2;Q58DJ8,CCT3,26
0.986343103,0.677834442,-0.105766144,n.s.,Q3T0L9;F1MLE8;A0A3Q1MMA1,Q3T0L9;F1MLE8;A0A3Q1MMA1,SEC22B,10
0.975680683,0.65409983,0.307330669,n.s.,Q3T0M7,Q3T0M7,RANBP1,6
0.907710658,0.466228947,-0.177523377,n.s.,Q3T0P6;G3X7N4;Q58DJ6;A0A3Q1MPQ0;Q862Q5;Q32KN6;Q9GK71,Q3T0P6;G3X7N4;Q58DJ6;A0A3Q1MPQ0,PGK1,56
0.144438674,0.005667437,0.874425944,n.s.,Q3T0Q4,Q3T0Q4,NME2,12
0.554219161,0.147874619,0.34868567,n.s.,Q3T0S6;E1BHY4,Q3T0S6,RPL8,13
0.773448011,0.324293224,0.183630726,n.s.,Q3T0T5;A0A059NZ16;A0A452DJ94,Q3T0T5;A0A059NZ16;A0A452DJ94,JPT1,4
0.664091223,0.21199788,0.77803947,n.s.,Q3T0U2,Q3T0U2,RPL14,7
0.574083211,0.156392624,0.442071825,n.s.,Q3T0U3;A0A3Q1MDT8,Q3T0U3;A0A3Q1MDT8,ES1,14
0.948698527,0.568774312,-0.5477601,n.s.,Q3T0U5,Q3T0U5,CHMP2A,7
0.802567854,0.356104769,0.431572026,n.s.,Q3T0V4;A0A3G7FIP1;A1XED6;A0A3Q1M963,Q3T0V4;A0A3G7FIP1,RPS11,13
1,0.983226633,-0.064096861,n.s.,Q3T0W9;REV__G5E5G7,Q3T0W9,RPL19,10
0.427549656,0.068279317,0.890943017,n.s.,Q3T0X5,Q3T0X5,PSMA1,6
0.451528747,0.094659053,-1.095153911,n.s.,Q3T0X6;E1BAT6;A0A3Q1LQ87,Q3T0X6;E1BAT6;A0A3Q1LQ87,RPS16,9
0.456711189,0.098919011,1.263550969,n.s.,Q3T0Y1,Q3T0Y1,OTUB1,6
0.800200675,0.350618102,-0.418063219,n.s.,Q3T0Z7;A0A3Q1LU13,Q3T0Z7;A0A3Q1LU13,QDPR,12
1,1,-0.099543639,n.s.,Q3T102;A0A3Q1N0V7,Q3T102;A0A3Q1N0V7,EIF3E,3
0.687241988,0.230597966,-0.706469996,n.s.,Q3T133,Q3T133,TMED9,9
1,0.832796622,-0.035832562,n.s.,Q3T140;Q32P85;A0A3Q1LPL0,Q3T140,DYNLRB1,8
0.9274603,0.49645187,-0.166518656,n.s.,Q3T149;E9RHW1;A0A1C9EIX6;A0A1C9EIX3;A0A1B0Z542;Q58DP7,Q3T149;E9RHW1;A0A1C9EIX6;A0A1C9EIX3;A0A1B0Z542;Q58DP7,HSPB1,28
1,0.79170411,0.041932955,n.s.,Q3T165,Q3T165,PHB,22
0.751337056,0.283857161,0.681622793,n.s.,Q3T168,Q3T168,CACYBP,5
1,0.775807859,-0.367067737,n.s.,Q3T169;Q862D8;Q862E1;Q862Q2;Q862I7,Q3T169;Q862D8;Q862E1;Q862Q2;Q862I7,RPS3,10
1,0.848671513,0.417638162,n.s.,Q3T171;A0A3Q1M547,Q3T171,RPL36,5
1,0.879911898,-0.255783257,n.s.,Q3T199;E1B8G4;E1BEQ3,Q3T199;E1B8G4;E1BEQ3,RPS23,6
1,0.84401156,0.323811209,n.s.,Q3YJJ7;K7QEN8,Q3YJJ7;K7QEN8,BoLA,8
0.948698527,0.56206431,0.015444434,n.s.,Q3ZBD1;A0A3Q1LYE7;A1L528;A0A3Q1N147;Q95MD9;A0A3Q1N471;Q58DS5;A0A140T898;Q2HJI8;F1N2J9;A4FV54;Q1RMR4,Q3ZBD1;A0A3Q1LYE7;A1L528;A0A3Q1N147,RAB1A,11
1,0.853644665,0.270192387,n.s.,Q3ZBD3,Q3ZBD3,PCBD1,8
0.967823646,0.620879961,0.210373864,n.s.,Q3ZBD9,Q3ZBD9,MAPRE1,11
0.967823646,0.62699373,0.308039637,n.s.,Q3ZBE2;F6QD94,Q3ZBE2;F6QD94,MGC128036,3
1,1,-0.271533527,n.s.,Q3ZBE8;F1N680,Q3ZBE8;F1N680,CMTM6,2
0.461492759,0.102438976,0.770787724,n.s.,Q3ZBF6;F1MVL2;A0A3Q1LHA3,Q3ZBF6;F1MVL2;A0A3Q1LHA3,ACADS,5
1,0.921799317,-0.025048163,n.s.,Q3ZBF7;A0A452DIU3,Q3ZBF7;A0A452DIU3,PTGES3,9
0.908603215,0.473655263,0.571411085,n.s.,Q3ZBF9;F1MW60,Q3ZBF9;F1MW60,PDXP,2
1,0.964087754,-0.093342379,n.s.,Q3ZBH0;A0A3Q1LV18,Q3ZBH0;A0A3Q1LV18,CCT2,25
0.80604164,0.365068187,-0.56773074,n.s.,Q3ZBH8;A0A3Q1MN57;A0A3Q1MZK6;A0A3Q1LKL0;A0A3Q1MH89;A0A3Q1MER0,Q3ZBH8;A0A3Q1MN57;A0A3Q1MZK6,RPS20,7
0.243159069,0.017779822,-1.856193127,n.s.,Q3ZBK6;A0A452DI98,Q3ZBK6;A0A452DI98,LSM4,2
0.989702733,0.694653053,-0.464208937,n.s.,Q3ZBL4,Q3ZBL4,LZTFL1,2
1,1,-0.076148918,n.s.,Q3ZBR5,Q3ZBR5,TTC1,3
0.687241988,0.232589602,0.797551105,n.s.,Q3ZBU2;A0A3Q1LY77;A0A3Q1MDM7,Q3ZBU2;A0A3Q1LY77;A0A3Q1MDM7,CISD1,6
0.9457156,0.539242623,0.170409838,n.s.,Q3ZBW4,Q3ZBW4,PCNA,12
1,0.821771782,0.253972443,n.s.,Q3ZBX5;F6PWM7;A0A3Q1MI13,Q3ZBX5;F6PWM7;A0A3Q1MI13,SCYE1,12
0.948698527,0.582158541,0.083069758,n.s.,Q3ZBY4;A0A3S5ZPB0,Q3ZBY4;A0A3S5ZPB0,ALDOC,32
0.731213047,0.268520948,0.26398417,n.s.,Q3ZBZ8;A0A3Q1LW78;A0A3Q1ML02;A0A3Q1LW53;A0A3Q1MJH4,Q3ZBZ8;A0A3Q1LW78;A0A3Q1ML02;A0A3Q1LW53,STIP1,46
1,0.741916988,-0.348214757,n.s.,Q3ZC07;G8JKX4;Q5E9B5;P68138;P62739;A0A452DJE4;A0A3Q1M558;A5D7J0;A4IFM8;Q58DT9;Q862L0,Q3ZC07;G8JKX4;Q5E9B5;P68138;P62739;A0A452DJE4;A0A3Q1M558;A5D7J0;A4IFM8;Q58DT9,ACTC1,35
1,0.95389327,-0.10090982,n.s.,Q3ZC41,Q3ZC41,ACAA1,9
0.533297812,0.137509526,0.798888212,n.s.,Q3ZC42;A0A3Q1LSZ6,Q3ZC42;A0A3Q1LSZ6,ADH5,7
0.299079362,0.028499715,1.136189905,n.s.,Q3ZC44;A0A3Q1LZD9,Q3ZC44;A0A3Q1LZD9,HNRNPAB,12
0.967823646,0.634727391,-0.187622799,n.s.,Q3ZC87;A5D984;Q1JPG7,Q3ZC87;A5D984,PKM2,54
0.913204911,0.483220536,0.124030044,n.s.,Q3ZCC9,Q3ZCC9,SEC13,4
1,1,0.136805476,n.s.,Q3ZCD7;A0A3Q1LS26;A0A3Q1LZT2,Q3ZCD7;A0A3Q1LS26;A0A3Q1LZT2,TECR,5
0.799297574,0.347676523,0.622475844,n.s.,Q3ZCE2,Q3ZCE2,ELAVL1,6
1,1,0.042663323,n.s.,Q3ZCF0;A0A3Q1LSJ7;A0A3Q1MCA4,Q3ZCF0;A0A3Q1LSJ7;A0A3Q1MCA4,DCTN2,11
0.9457156,0.55259592,-0.313117308,n.s.,Q3ZCF7;A0A3Q1M5N0;Q862C5;Q24M91;Q1RMX2,Q3ZCF7;A0A3Q1M5N0;Q862C5,UBE2D3,4
0.12008106,0.004038601,0.357152386,n.s.,Q3ZCH0,Q3ZCH0,HSPA9,49
0.80604164,0.36501635,0.618215836,n.s.,Q3ZCI0;A0A3Q1M9G7,Q3ZCI0;A0A3Q1M9G7,CHCHD9,6
0.967823646,0.631345887,0.017658655,n.s.,Q3ZCI9;A0A3Q1MTL6;G3X861;Q9XSG6;Q7YSF1,Q3ZCI9;A0A3Q1MTL6;G3X861,CCT8,32
0.286536009,0.026661983,-0.573748645,n.s.,Q3ZCJ2,Q3ZCJ2,AKR1A1,28
1,0.737572624,0.254234548,n.s.,Q3ZCJ7;A0A3Q1LQR2,Q3ZCJ7;A0A3Q1LQR2,TUBA1C,33
0.530779832,0.131504869,0.764870596,n.s.,Q3ZCL8,Q3ZCL8,SH3BGRL3,9
1,1,-0.140334518,n.s.,Q4U5R3;Q2KJE7;A0A3Q1M2Y4;A0A3Q1MAG5;A0A3Q1MK57,Q4U5R3;Q2KJE7;A0A3Q1M2Y4;A0A3Q1MAG5;A0A3Q1MK57,PSME1,4
0.43965743,0.077279227,-1.365845209,n.s.,Q4U5R4,Q4U5R4,RNF114,12
1,0.922650773,0.312569923,n.s.,Q56JV6;A0A452DJ17;A0A3Q1NES9,Q56JV6;A0A452DJ17,TWF1,5
0.4070729,0.054306811,-0.669813824,n.s.,Q56JV9;G3N262;Q862H3;A0A3Q1N7H0;Q862R1,Q56JV9;G3N262;Q862H3,RPS3A,20
0.953006984,0.594026775,-0.465300088,n.s.,Q56JX3;A0A452DIW3;A0A3Q1NJG8;G3MX45,Q56JX3;A0A452DIW3;A0A3Q1NJG8;G3MX45,RPL31,5
0.948698527,0.582976426,0.100022788,n.s.,Q56JX6,Q56JX6,RPS28,9
0.451528747,0.094659053,-1.224165991,n.s.,Q56JX8;A0A3Q1MB96;E1BGR6,Q56JX8;A0A3Q1MB96,RPS13,5
0.53225939,0.133895079,0.379976439,n.s.,Q56JZ1;F1MK30;Q3SZG7;A0A3Q1M4M0,Q56JZ1;F1MK30;Q3SZG7,RPL13,14
0.963696465,0.612573874,-0.440330419,n.s.,Q56K10;A0A3Q1M3W4,Q56K10;A0A3Q1M3W4,RPS15,2
0.642598839,0.20171264,0.547539261,n.s.,Q56K13,Q56K13,SF3B5,2
0.766613095,0.311114283,-0.566230978,n.s.,Q56K14;E1BCL5,Q56K14,RPLP1,4
0.53225939,0.135066243,0.67742228,n.s.,Q58D08,Q58D08,PYCR3,11
1,0.808531915,0.335297716,n.s.,Q58DG0;A0A452DJ95;P02694;A0A3Q1LU75,Q58DG0;A0A452DJ95;P02694;A0A3Q1LU75,RBP1,6
0.472920789,0.108686953,0.081539917,n.s.,Q58DI4;A6H6X7;P48830;E5FYE1;E5FYE7,Q58DI4;A6H6X7;P48830,ZP3,39
0.59781301,0.166648698,0.570938819,n.s.,Q58DM8;A0A3Q1MLN1;Q95KZ6;A0A3Q1MPG5,Q58DM8;A0A3Q1MLN1;Q95KZ6;A0A3Q1MPG5,ECHS1,15
0.800200675,0.349574155,0.237208891,n.s.,Q58DQ3;G3N2R1;A8NJ40;A1XED0,Q58DQ3,RPL6,11
1,0.7993609,0.054281362,n.s.,Q58DT1;A1XED1;F1N7A3;A0A3Q1LP69;E1BLQ8;A0A3Q1LKR0,Q58DT1;A1XED1;F1N7A3;A0A3Q1LP69;E1BLQ8,RPL7,6
0.380051708,0.045499545,1.504845379,n.s.,Q58DU5,Q58DU5,PSMA3,2
0.97488318,0.646193538,0.436260941,n.s.,Q58DV6;M5FHN8;A4FV97,Q58DV6;M5FHN8;A4FV97,CSIG,3
0.211574025,0.012306932,1.423622043,n.s.,Q58DW3,Q58DW3,RPL29,7
1,0.828499663,0.053713835,n.s.,Q58DW5;G3N1F5;A0A3Q1MMW5;G3MYE2,Q58DW5;G3N1F5;A0A3Q1MMW5;G3MYE2,RPL5,20
0.437449029,0.071826758,-0.363945292,n.s.,Q5E946,Q5E946,PARK7,28
0.851111194,0.39597662,-0.226976921,n.s.,Q5E947;Q862N9;Q9BGI4;Q862E5;A0A3Q1MIR5,Q5E947;Q862N9;Q9BGI4,PRDX1,29
0.936984707,0.518874276,0.16227511,n.s.,Q5E956;A0A452DIX3,Q5E956;A0A452DIX3,TPI1,38
0.43965743,0.079638066,0.323675786,n.s.,Q5E958;A0A3Q1LPB5;A1XED8;Q862P8,Q5E958;A0A3Q1LPB5;A1XED8;Q862P8,RPS8,13
1,1,-0.123122225,n.s.,Q5E964,Q5E964,PSMD13,3
0.96548612,0.614793852,0.404297005,n.s.,Q5E966,Q5E966,EIF3I,8
1,0.847797911,0.20544234,n.s.,Q5E971,Q5E971,TMED10,12
0.912988056,0.47800466,0.173576375,n.s.,Q5E973;A0A452DIR2;Q0QEV5;A0A3Q1M9B3;A0A3Q1MH44,Q5E973;A0A452DIR2;Q0QEV5;A0A3Q1M9B3;A0A3Q1MH44,RPL18,8
0.96865679,0.637445668,-0.194565581,n.s.,Q5E983;Q2VYC3;A0A3Q1LLH1,Q5E983;Q2VYC3,EEF1B,13
0.872874862,0.418823365,0.12785895,n.s.,Q5E984;M5FK91;Q862L1;A0A452DID1;F1MS78,Q5E984;M5FK91;Q862L1;A0A452DID1,TPT1,9
0.485807369,0.112737809,0.571597496,n.s.,Q5E987,Q5E987,PSMA5,11
0.9457156,0.553354466,-0.615104539,n.s.,Q5E988;A0A3Q1MID4;A1XED5,Q5E988;A0A3Q1MID4,RPS5,14
1,0.748487713,0.371234259,n.s.,Q5E995;E1B8K9;A0A3Q1N412;A0A3Q1NAF9;F1MKZ5;A4IFU6;Q58CY1,Q5E995;E1B8K9,RPS6,16
1,0.864255007,3.94E-04,n.s.,Q5E9A3;A0A452DKH0;Q0VCU0,Q5E9A3;A0A452DKH0,PCBP1,18
0.445072791,0.086690366,0.438276226,n.s.,Q5E9B1;A0A3Q1M5R4;B0JYN3;A0A3Q1M4R3,Q5E9B1;A0A3Q1M5R4;B0JYN3,LDHB,20
0.419176767,0.058741139,0.500043571,n.s.,Q5E9D3,Q5E9D3,CHCHD3,22
0.907710658,0.468384673,0.126021658,n.s.,Q5E9D5;A0A3Q1MFL7;A0A3Q1ML30,Q5E9D5;A0A3Q1MFL7;A0A3Q1ML30,DSTN,26
0.948698527,0.577574224,-0.540119737,n.s.,Q5E9E6;G3X7N2;A0A3Q1M6E4;Q862M2,Q5E9E6;G3X7N2,RPL10A,6
0.989702733,0.691510123,0.044303713,n.s.,Q5E9F1,Q5E9F1,BCAP31,20
0.456711189,0.09837261,0.57254862,n.s.,Q5E9F5;A0A452DI04;A0A3Q1MWG5;Q3ZBY2,Q5E9F5,TAGLN2,7
1,0.787884161,0.06538254,n.s.,Q5E9F7;B0JYL8,Q5E9F7;B0JYL8,CFL1,26
0.948698527,0.589214108,0.281376319,n.s.,Q5E9F9,Q5E9F9,PSMC2,8
0.750273474,0.281098307,0.570660087,n.s.,Q5E9I6;P84080;A0A3Q1M9Q8;Q7M3H4,Q5E9I6;P84080;A0A3Q1M9Q8,ARF3,7
0.93294501,0.513538116,0.360590664,n.s.,Q5E9J1;E1BMP6,Q5E9J1,HNRNPF,11
0.989702733,0.687358337,0.242059157,n.s.,Q5E9T9,Q5E9T9,RTCB,16
0.959396505,0.606173938,-0.495940982,n.s.,Q5E9Z8,Q5E9Z8,LSM1,2
1,0.911024969,-0.081127832,n.s.,Q5EAC6;Q58DN6;Q58D03,Q5EAC6;Q58DN6;Q58D03,CDC37,12
0.498159411,0.117279682,0.409406115,n.s.,Q5EAD2;A0A140T866,Q5EAD2;A0A140T866,PHGDH,21
0.889941517,0.440915591,-0.516201765,n.s.,Q5EAE6,Q5EAE6,DAP,2
1,0.807311927,0.253204147,n.s.,Q5KR47;Q0VBX6,Q5KR47,TPM3,18
1,0.840691593,-0.330652775,n.s.,Q5PXY7;A5PJB5;A0A3Q1LX32,Q5PXY7;A5PJB5;A0A3Q1LX32,CRABP2,10
1,0.974549072,-0.031272346,n.s.,Q5U7H2;Q5EAD6;E1BK63;A0A3Q1LST0;A0A3Q1LLG0,Q5U7H2;Q5EAD6;E1BK63;A0A3Q1LST0,RPL15,9
0.039457462,5.75E-04,-0.386398333,n.s.,Q647I9,Q647I9,NLRP5,94
0.967823646,0.631747736,0.128524618,n.s.,Q6EWQ7;F1MN49,Q6EWQ7;F1MN49,EIF5A,7
0.967770853,0.61733365,0.180219568,n.s.,Q6VBM2;Q2HJ26;F1MN04;Q6PWM3,Q6VBM2;Q2HJ26;F1MN04,PAICS,14
0.763169776,0.304816739,0.102698379,n.s.,Q76I81;A0A3Q1LSF9;A0A3Q1M0C0;A0A3Q1MK96;A0A3Q1MSH8;E1BCB7;A0A3Q1LNV2,Q76I81;A0A3Q1LSF9;A0A3Q1M0C0;A0A3Q1MK96,RPS12,18
0.802567854,0.358096419,-0.686597471,n.s.,Q76I82;G3N206;E1BLY1;G3N3S3;H9KUV3;A0A3Q1N943,Q76I82;G3N206;E1BLY1;G3N3S3,RPS15A,4
0.12008106,0.003681771,-0.548053089,n.s.,Q76LV1;G5E507;Q3SZD6;G3N2V5;Q865A1;A0A6C0PQP7;Q7M2S2,Q76LV1;G5E507,HSP90AB1,57
0.02273676,2.29E-04,-0.50241813,n.s.,Q76LV2;A0A452DI85;A0A3Q1MBX2;Q3T007;A7E3E1;Q7M2S4;Q7M2S3,Q76LV2;A0A452DI85,HSP90AA1,72
1,0.978708255,-0.07800708,n.s.,Q862C2;A0A3Q1MVM8;P13621,Q862C2;A0A3Q1MVM8;P13621,ATP5PO,7
1,0.781471944,-0.212805072,n.s.,Q862I1;Q862D6,Q862I1;Q862D6,RPL24,7
0.989702733,0.704552954,0.232391503,n.s.,Q862I9;Q95140;F1MDN4;A7E336;Q862M5;Q862E2;Q862Q6,Q862I9;Q95140;F1MDN4;A7E336;Q862M5;Q862E2,RPLP0,4
1,1,-0.276745243,n.s.,Q862J9;A0A452DJF6;Q862E3;Q3T025;Q862T7;G3N288;F1N0W3;Q862H0;F1MQJ8;E1B871;Q862J1;Q862F1;A0A452DJL1;E1BG46;A1XED3;G3N3W9;A0A3Q1M7E8;A0A3Q1MGH0,Q862J9;A0A452DJF6;Q862E3;Q3T025;Q862T7;G3N288;F1N0W3;Q862H0;F1MQJ8;E1B871;Q862J1,RPL17,12
0.53225939,0.133249968,-0.564370689,n.s.,Q862K7;P61285;A0A452DJJ2;G3MX54;E1B7A3,Q862K7;P61285;A0A452DJJ2,DYNLL1,15
0.994134331,0.716928749,0.084076126,n.s.,Q862M6;A1A4P5,Q862M6;A1A4P5,PFDN2,8
0.205157948,0.011279871,1.098161327,n.s.,Q862Q3;P01888;A0A3Q1MU93;Q6VUQ8;Q862T6,Q862Q3;P01888;A0A3Q1MU93,B2M,3
0.9457156,0.548569901,-0.364125647,n.s.,Q862S8;Q861U5;Q3T0R1;A0A3Q1MQW8;A0A3Q1LZK3,Q862S8;Q861U5;Q3T0R1;A0A3Q1MQW8;A0A3Q1LZK3,RPS18,5
0.456711189,0.100178998,1.207865728,n.s.,Q865A3;A0JNE6,Q865A3;A0JNE6,PKR,2
0.380051708,0.045839542,1.206517507,n.s.,Q8MJG1,Q8MJG1,PSIP1,3
1,1,0.027182373,n.s.,Q8MJJ7;G5E535;A5D7U9,Q8MJJ7;G5E535;A5D7U9,DCPS,4
0.967823646,0.62103379,-0.546651596,n.s.,Q8WMY2;Q0VCD7;Q2NL07;F1N431;A0A3Q1MUP6,Q8WMY2;Q0VCD7;Q2NL07;F1N431,FDPS,11
0.929629536,0.503709909,0.234854153,n.s.,Q8WN55;A0A3Q1M994;A8YXY5;A0A3Q1M6R8;F1MPG6;A0A3Q1LLD4,Q8WN55;A0A3Q1M994;A8YXY5,PTBP1,13
0.43965743,0.079923987,-0.393138728,n.s.,Q95114;F1MXX6;Q3T0K7;G3MYW7,Q95114;F1MXX6;Q3T0K7;G3MYW7,MFGE8,34
0.994134331,0.721212788,0.381176473,n.s.,Q95L46;A0A3Q1MQ69;F2Z4C6;A0A3Q1MLW1,Q95L46;A0A3Q1MQ69;F2Z4C6;A0A3Q1MLW1,EIF4G2,7
0.449567689,0.091322585,-0.133077916,n.s.,Q95M18,Q95M18,HSP90B1,90
0.989702733,0.695905582,-0.653048855,n.s.,Q95M40;A0A3Q1MKY2,Q95M40;A0A3Q1MKY2,TXNDC17,4
1,0.957135897,-0.169625684,n.s.,Q9BGI1,Q9BGI1,PRDX5,15
0.948698527,0.570240882,0.226378114,n.s.,Q9BGI2;A0A3Q1LW10;A0A452DI43;A0A3Q1MAI4,Q9BGI2;A0A3Q1LW10;A0A452DI43;A0A3Q1MAI4,PRDX4,18
0.246384263,0.018782657,-0.525552621,n.s.,Q9BGI3,Q9BGI3,PRDX2,27
0.699037835,0.245952619,0.077586003,n.s.,Q9BH10;F1MKT2;A0A3Q1LK44;A0A3Q1MHW1;A0A3Q1LIV0;Q9N0J8,Q9BH10;F1MKT2;A0A3Q1LK44;A0A3Q1MHW1;A0A3Q1LIV0,ZP2,43
1,0.827591106,-0.054354012,n.s.,Q9BH11;A0A3Q1M553,Q9BH11;A0A3Q1M553,ZP4,39
0.931364225,0.508491455,-0.348064263,n.s.,Q9MZ13;A0A3Q1LHM2;F6RQ58;A6H783;Q9GL29;A0A3Q1M0L2;A0A3Q1M5Z1,Q9MZ13;A0A3Q1LHM2;F6RQ58;A6H783,VDAC3,8
0.451535274,0.09616728,-0.535696817,n.s.,Q9N0T1,Q9N0T1,STC1,13
0.43965743,0.080057832,0.42360721,n.s.,Q9TTK8,Q9TTK8,CKMT1,25
0.912988056,0.479815202,0.609362583,n.s.,Q9XSA7,Q9XSA7,CLIC4,12
1,0.828938377,-0.122025631,n.s.,Q9XSI3;A0A452DIW1;Q2TBW8;A0A3Q1MLQ2;Q862I0;A1XED2;A1XEA9;A0A3Q1M8Z2;Q58DU2,Q9XSI3;A0A452DIW1;Q2TBW8;A0A3Q1MLQ2,RPL10,15
1,0.933198161,-0.123028994,n.s.,Q9XSJ4,Q9XSJ4,ENO1,79
0.750280959,0.282617043,0.198821926,n.s.,U3Q4C5;A0A3Q1LWK1;A0A3Q1MDE6;E1BDB0;A0A3Q1LQ12;U3Q123;A0A3Q1LTY0;A0A3Q1LPL7;A0A3Q1LU85;E1B7S3;Q9N179;A0A3Q1LH48;A0A3Q1LYH7;A0A3Q1LQM4;F1MCU4;A0A3Q1LTG0,U3Q4C5;A0A3Q1LWK1;A0A3Q1MDE6;E1BDB0;A0A3Q1LQ12;U3Q123;A0A3Q1LTY0;A0A3Q1LPL7;A0A3Q1LU85,EPB41L2,21
0.437449029,0.072090815,-0.582312513,n.s.,V6F7T1;F1N690,V6F7T1;F1N690,DLAT,18
0.928052808,0.499400614,0.123231122,n.s.,V6F7X8;A2VE52,V6F7X8;A2VE52,REXO2,14